--
-- PostgreSQL database dump
--

-- Dumped from database version 9.5.6
-- Dumped by pg_dump version 9.6.2

SET statement_timeout = 0;
SET lock_timeout = 0;
SET idle_in_transaction_session_timeout = 0;
SET client_encoding = 'UTF8';
SET standard_conforming_strings = on;
SET check_function_bodies = false;
SET client_min_messages = warning;
SET row_security = off;

--
-- Name: plpgsql; Type: EXTENSION; Schema: -; Owner: 
--

CREATE EXTENSION IF NOT EXISTS plpgsql WITH SCHEMA pg_catalog;


--
-- Name: EXTENSION plpgsql; Type: COMMENT; Schema: -; Owner: 
--

COMMENT ON EXTENSION plpgsql IS 'PL/pgSQL procedural language';


SET search_path = public, pg_catalog;

SET default_tablespace = '';

SET default_with_oids = false;

--
-- Name: annotation; Type: TABLE; Schema: public; Owner: wangsix
--

CREATE TABLE annotation (
    id integer NOT NULL,
    annotator_id integer,
    song_id integer,
    boundary_time double precision,
    clip_id integer,
    agree_prob double precision
);


ALTER TABLE annotation OWNER TO wangsix;

--
-- Name: annotation_id_seq; Type: SEQUENCE; Schema: public; Owner: wangsix
--

CREATE SEQUENCE annotation_id_seq
    START WITH 1
    INCREMENT BY 1
    NO MINVALUE
    NO MAXVALUE
    CACHE 1;


ALTER TABLE annotation_id_seq OWNER TO wangsix;

--
-- Name: annotation_id_seq; Type: SEQUENCE OWNED BY; Schema: public; Owner: wangsix
--

ALTER SEQUENCE annotation_id_seq OWNED BY annotation.id;


--
-- Name: annotator; Type: TABLE; Schema: public; Owner: wangsix
--

CREATE TABLE annotator (
    id integer NOT NULL,
    crowd_worker_id character varying(256),
    status boolean,
    gender character varying(6),
    age integer,
    musician boolean,
    country character varying(16),
    music_hour character varying(32),
    instrument text
);


ALTER TABLE annotator OWNER TO wangsix;

--
-- Name: annotator_id_seq; Type: SEQUENCE; Schema: public; Owner: wangsix
--

CREATE SEQUENCE annotator_id_seq
    START WITH 1
    INCREMENT BY 1
    NO MINVALUE
    NO MAXVALUE
    CACHE 1;


ALTER TABLE annotator_id_seq OWNER TO wangsix;

--
-- Name: annotator_id_seq; Type: SEQUENCE OWNED BY; Schema: public; Owner: wangsix
--

ALTER SEQUENCE annotator_id_seq OWNED BY annotator.id;


--
-- Name: song; Type: TABLE; Schema: public; Owner: wangsix
--

CREATE TABLE song (
    id integer NOT NULL,
    name character varying(32),
    dataset character varying(16),
    max_idx integer
);


ALTER TABLE song OWNER TO wangsix;

--
-- Name: song_annotator; Type: TABLE; Schema: public; Owner: wangsix
--

CREATE TABLE song_annotator (
    song_id integer,
    annotator_id integer
);


ALTER TABLE song_annotator OWNER TO wangsix;

--
-- Name: song_id_seq; Type: SEQUENCE; Schema: public; Owner: wangsix
--

CREATE SEQUENCE song_id_seq
    START WITH 1
    INCREMENT BY 1
    NO MINVALUE
    NO MAXVALUE
    CACHE 1;


ALTER TABLE song_id_seq OWNER TO wangsix;

--
-- Name: song_id_seq; Type: SEQUENCE OWNED BY; Schema: public; Owner: wangsix
--

ALTER SEQUENCE song_id_seq OWNED BY song.id;


--
-- Name: annotation id; Type: DEFAULT; Schema: public; Owner: wangsix
--

ALTER TABLE ONLY annotation ALTER COLUMN id SET DEFAULT nextval('annotation_id_seq'::regclass);


--
-- Name: annotator id; Type: DEFAULT; Schema: public; Owner: wangsix
--

ALTER TABLE ONLY annotator ALTER COLUMN id SET DEFAULT nextval('annotator_id_seq'::regclass);


--
-- Name: song id; Type: DEFAULT; Schema: public; Owner: wangsix
--

ALTER TABLE ONLY song ALTER COLUMN id SET DEFAULT nextval('song_id_seq'::regclass);


--
-- Data for Name: annotation; Type: TABLE DATA; Schema: public; Owner: wangsix
--

COPY annotation (id, annotator_id, song_id, boundary_time, clip_id, agree_prob) FROM stdin;
2279	56	1	\N	7	0.955555555555555602
82	2	2	\N	2	0.71698113207547165
83	3	2	\N	2	0.71698113207547165
85	5	2	\N	2	0.71698113207547165
86	6	2	\N	2	0.71698113207547165
87	7	2	\N	2	0.71698113207547165
88	8	2	24.07692307692	2	0.150943396226415089
89	9	2	\N	2	0.71698113207547165
91	11	2	\N	2	0.71698113207547165
92	12	2	\N	2	0.71698113207547165
93	13	2	\N	2	0.71698113207547165
94	14	2	33.3023197596800031	2	0.0188679245283018861
95	15	2	\N	2	0.71698113207547165
97	17	2	29.4986661783799988	2	0.0566037735849056617
98	18	2	\N	2	0.71698113207547165
99	19	2	\N	2	0.71698113207547165
100	20	2	24.6075072753199997	2	0.150943396226415089
121	1	2	\N	10	0.853658536585365835
122	2	2	\N	10	0.853658536585365835
124	4	2	\N	10	0.853658536585365835
125	5	2	\N	10	0.853658536585365835
126	6	2	\N	10	0.853658536585365835
128	8	2	106.692307692300005	10	0.0975609756097561009
129	9	2	\N	10	0.853658536585365835
130	10	2	\N	10	0.853658536585365835
132	12	2	\N	10	0.853658536585365835
133	13	2	\N	10	0.853658536585365835
135	15	2	\N	10	0.853658536585365835
136	16	2	108.535964619499993	10	0.121951219512195119
4	4	1	38.7896361815800006	2	0.146341463414634138
5	5	1	30.7253328450600023	2	0.414634146341463394
6	6	1	38.8430407209600048	2	0.146341463414634138
8	8	1	28.76923076924	2	0.341463414634146367
9	9	1	31.2862983978600013	2	0.414634146341463394
10	10	1	22.5653328450599986	2	0.0975609756097561009
11	11	1	31.1661381842399976	2	0.414634146341463394
12	12	1	\N	2	0.268292682926829285
13	13	1	\N	2	0.268292682926829285
15	15	1	36.1594626168200008	2	0.146341463414634138
16	16	1	\N	2	0.268292682926829285
17	17	1	22.9386661783800001	2	0.0975609756097561009
18	18	1	38.6561248331200034	2	0.146341463414634138
20	20	1	33.0187222285999979	2	0.390243902439024404
137	17	2	\N	10	0.853658536585365835
138	18	2	\N	10	0.853658536585365835
139	19	2	\N	10	0.853658536585365835
140	20	2	\N	10	0.853658536585365835
22	2	2	\N	12	0.317073170731707321
23	3	2	131.323529411760006	12	0.146341463414634138
25	5	2	126.671999511720003	12	0.609756097560975596
26	6	2	\N	12	0.317073170731707321
27	7	2	126.85882343966	12	0.609756097560975596
28	8	2	124.230769230760004	12	0.268292682926829285
29	9	2	\N	12	0.317073170731707321
31	11	2	\N	12	0.317073170731707321
32	12	2	\N	12	0.317073170731707321
33	13	2	129.296979305739995	12	0.487804878048780477
34	14	2	128.576018024039996	12	0.560975609756097615
35	15	2	134.690837783719985	12	0
36	16	2	\N	12	0.317073170731707321
38	18	2	\N	12	0.317073170731707321
39	19	2	127.334362483320007	12	0.58536585365853655
40	20	2	126.15623891752	12	0.58536585365853655
102	2	3	\N	6	0.0487804878048780505
103	3	3	68.7352941176399952	6	0.902439024390243927
104	4	3	67.9752169559399988	6	0.902439024390243927
105	5	3	66.991999511719996	6	0.902439024390243927
106	6	3	68.9364986648800055	6	0.902439024390243927
108	8	3	66.7692307692399964	6	0.902439024390243927
109	9	3	67.7348965287000055	6	0.902439024390243927
110	10	3	67.7386661783800008	6	0.902439024390243927
111	11	3	67.9084612816999993	6	0.902439024390243927
112	12	3	69.0700100133600046	6	0.902439024390243927
114	14	3	67.7215453938599978	6	0.902439024390243927
115	15	3	78.3757510013400065	6	0
116	16	3	67.4678738317799969	6	0.902439024390243927
117	17	3	67.6853328450600031	6	0.902439024390243927
119	19	3	67.7615987984000014	6	0.902439024390243927
120	20	3	68.2123136838799979	6	0.902439024390243927
41	1	3	108.669475967959997	10	0.804878048780487854
42	2	3	\N	10	0.146341463414634138
43	3	3	\N	10	0.146341463414634138
45	5	3	109.151999511719993	10	0.829268292682926789
46	6	3	108.722880507339994	10	0.804878048780487854
47	7	3	107.652941086720006	10	0.780487804878048808
48	8	3	110.615384615379995	10	0.829268292682926789
49	9	3	109.337032710279999	10	0.829268292682926789
51	11	3	\N	10	0.146341463414634138
52	12	3	\N	10	0.146341463414634138
53	13	3	110.658795060079996	10	0.804878048780487854
54	14	3	108.576018024039996	10	0.804878048780487854
56	16	3	\N	10	0.146341463414634138
57	17	3	109.418666178379993	10	0.829268292682926789
58	18	3	109.97788718292	10	0.829268292682926789
59	19	3	108.61607142858	10	0.804878048780487854
60	20	3	109.92125894422	10	0.829268292682926789
61	1	3	\N	14	0.0975609756097561009
63	3	3	157.970588235299999	14	0.292682926829268275
64	4	3	148.482560080100001	14	0.560975609756097615
66	6	3	148.001919225639995	14	0.560975609756097615
67	7	3	147.417646969060002	14	0.560975609756097615
68	8	3	146.384615384619991	14	0.536585365853658569
69	9	3	147.868407877159996	14	0.560975609756097615
70	10	3	156.911999511720012	14	0.292682926829268275
71	11	3	\N	14	0.0975609756097561009
73	13	3	149.377086114820003	14	0.560975609756097615
74	14	3	157.227553404540004	14	0.292682926829268275
75	15	3	156.880423898540016	14	0.292682926829268275
76	16	3	148.135430574099985	14	0.560975609756097615
78	18	3	149.844375834440001	14	0.512195121951219523
79	19	3	146.827019359139996	14	0.536585365853658569
80	20	3	147.411245593079997	14	0.560975609756097615
141	1	4	8.66947596796000042	0	0.829268292682926789
143	3	4	\N	0	0.0487804878048780505
144	4	4	9.57735313752000117	0	0.878048780487804881
145	5	4	9.65866617838000074	0	0.878048780487804881
146	6	4	9.15011682241999935	0	0.853658536585365835
147	7	4	9.47647049847999945	0	0.878048780487804881
149	9	4	9.7909712950600003	0	0.878048780487804881
150	10	4	11.3653328450599993	0	0.878048780487804881
2	2	1	\N	2	0.268292682926829285
355	5	1	89.5253328450600065	8	0.925000000000000044
283	4	1	125.198180907880001	12	0.949999999999999956
284	2	1	135.291638851800002	12	0
285	22	1	125.083759139799994	12	0.925000000000000044
286	13	1	126.546645527359999	12	0.925000000000000044
288	24	1	128.108728304399989	12	0.299999999999999989
289	9	1	124.530624165559999	12	0.925000000000000044
290	8	1	\N	12	0
291	3	1	124.235294117639995	12	0.925000000000000044
293	12	1	125.091371829099998	12	0.925000000000000044
181	21	1	\N	14	0.275000000000000022
182	1	1	\N	14	0.275000000000000022
183	7	1	142.182352851420006	14	0.200000000000000011
184	4	1	150.538634846460013	14	0.149999999999999994
186	22	1	158.515000795340001	14	0.0749999999999999972
187	13	1	156.052653538059985	14	0.100000000000000006
188	23	1	\N	14	0.275000000000000022
189	24	1	154.91780707609999	14	0.125
190	9	1	145.491905874499992	14	0.25
191	8	1	\N	14	0.275000000000000022
193	25	1	156.092706942599989	14	0.100000000000000006
194	12	1	152.915136849139998	14	0.149999999999999994
195	26	1	\N	14	0.275000000000000022
197	16	1	145.331692256340006	14	0.25
198	17	1	156.111999511720001	14	0.100000000000000006
199	18	1	141.753588117490011	14	0.200000000000000011
200	20	1	145.523472520180007	14	0.25
161	1	2	\N	0	0.21951219512195122
163	3	2	17.794117647060002	0	0.658536585365853688
164	4	2	17.1073931909199999	0	0.658536585365853688
166	6	2	16.9471795727599996	0	0.658536585365853688
167	7	2	16.4470587337800005	0	0.658536585365853688
168	8	2	8.15384615384	0	0.0487804878048780505
169	9	2	18.0419726301800019	0	0.658536585365853688
170	10	2	16.9386661783800001	0	0.658536585365853688
171	11	2	\N	0	0.21951219512195122
173	13	2	18.4024532710200006	0	0.658536585365853688
174	14	2	9.51059746327999989	0	0.0243902439024390252
175	15	2	17.3877670227000003	0	0.658536585365853688
177	17	2	17.7119995117199984	0	0.658536585365853688
178	18	2	\N	0	0.21951219512195122
179	19	2	17.2943090787800031	0	0.658536585365853688
180	20	2	5.78240714181999937	0	0.0487804878048780505
260	21	2	68.722880507339994	6	0.849999999999999978
261	1	2	\N	6	0.100000000000000006
263	4	2	67.5479806408600041	6	0.824999999999999956
264	2	2	67.1474465954599964	6	0.800000000000000044
265	22	2	68.4215428514000052	6	0.849999999999999978
266	13	2	68.4158044058799959	6	0.849999999999999978
268	24	2	69.844375834440001	6	0.625
269	9	2	66.8270193591399959	6	0.75
270	8	2	66.1538461538399929	6	0.699999999999999956
271	3	2	\N	6	0.100000000000000006
273	12	2	78.0419726301799983	6	0
274	26	2	67.4026668294199993	6	0.824999999999999956
275	5	2	\N	6	0.100000000000000006
276	16	2	68.135430574099999	6	0.849999999999999978
277	17	2	69.8186661783799991	6	0.675000000000000044
279	20	2	\N	6	0.100000000000000006
240	21	3	37.5880340454000077	2	0.550000000000000044
241	1	3	28.6160714285799997	2	0.275000000000000022
242	7	3	37.5058822631799984	2	0.550000000000000044
243	4	3	28.5626668891800009	2	0.275000000000000022
245	22	3	29.7566563360599972	2	0.275000000000000022
246	13	3	29.5105974632799999	2	0.275000000000000022
247	23	3	\N	2	0.100000000000000006
248	24	3	37.1340954606200029	2	0.574999999999999956
250	8	3	\N	2	0.100000000000000006
251	3	3	34.3823529411800024	2	0.0749999999999999972
252	25	3	\N	2	0.100000000000000006
253	12	3	39.5372997329800029	2	0.550000000000000044
254	26	3	38.3893334961000008	2	0.550000000000000044
256	16	3	28.2689419225599998	2	0.275000000000000022
257	17	3	29.1786661783799985	2	0.275000000000000022
258	18	3	38.5226134846400043	2	0.550000000000000044
259	20	3	38.2775708808200008	2	0.550000000000000044
151	11	4	9.37708611482000087	0	0.878048780487804881
152	12	4	\N	0	0.0487804878048780505
154	14	4	9.83102469960000036	0	0.878048780487804881
155	15	4	18.0019192256399982	0	0.0243902439024390252
156	16	4	9.28362817090000014	0	0.853658536585365835
158	18	4	18.2021862483399985	0	0.0243902439024390252
159	19	4	11.4465120160200016	0	0.878048780487804881
160	20	4	9.97466348360000055	0	0.878048780487804881
201	21	4	26.1594626168200008	2	0.625
202	1	4	\N	2	0.149999999999999994
204	4	4	37.7749499332399949	2	0.174999999999999989
205	2	4	37.0539886515399957	2	0.174999999999999989
206	22	4	26.3120635456600027	2	0.625
207	13	4	26.1995160213600009	2	0.625
208	23	4	24.3036548731599993	2	0.599999999999999978
210	9	4	37.4011181575399974	2	0.174999999999999989
211	8	4	25.07692307692	2	0.625
212	3	4	25.2058823529400016	2	0.625
213	25	4	\N	2	0.149999999999999994
214	12	4	\N	2	0.149999999999999994
216	5	4	23.8453328450599997	2	0.599999999999999978
217	16	4	24.2903037383199987	2	0.599999999999999978
218	17	4	25.3919995117200017	2	0.625
219	18	4	24.8510514018600013	2	0.625
221	21	4	\N	6	0.102564102564102561
222	1	4	\N	6	0.102564102564102561
223	7	4	71.8588234396600001	6	0.615384615384615419
224	4	4	76.3330273698200017	6	0.358974358974358976
225	2	4	71.4465120160199945	6	0.615384615384615419
227	13	4	75.8924399198999993	6	0.384615384615384637
228	23	4	75.5987149532799947	6	0.461538461538461564
229	9	4	72.0873664886599954	6	0.615384615384615419
230	8	4	72.6923076923000053	6	0.66666666666666663
232	25	4	77.1340954606200029	6	0.256410256410256387
233	12	4	\N	6	0.102564102564102561
234	26	4	77.2160001627599968	6	0.256410256410256387
235	5	4	\N	6	0.102564102564102561
236	16	4	72.0606642189599995	6	0.615384615384615419
238	18	4	72.2742823764999969	6	0.615384615384615419
239	20	4	72.6382266185400027	6	0.66666666666666663
341	1	1	90.2182076101399986	8	0.925000000000000044
342	7	1	89.3882352043600008	8	0.925000000000000044
343	4	1	90.2716121495400046	8	0.925000000000000044
345	22	1	91.385494787319999	8	0.925000000000000044
346	13	1	91.2996495327199966	8	0.925000000000000044
347	23	1	88.5226134846400043	8	0.900000000000000022
348	24	1	\N	8	0.0500000000000000028
349	9	1	89.7108644859799966	8	0.925000000000000044
350	8	1	\N	8	0.0500000000000000028
352	25	1	91.2061915887800012	8	0.925000000000000044
353	12	1	89.0700100133600046	8	0.925000000000000044
354	26	1	90.7893334960999994	8	0.925000000000000044
356	16	1	89.6307576769000036	8	0.925000000000000044
357	17	1	90.3519995117199954	8	0.925000000000000044
358	18	1	90.2983144192200058	8	0.925000000000000044
359	20	1	90.2447839955800077	8	0.925000000000000044
406	7	1	106.35882343966	10	0.925000000000000044
408	27	1	107.601385180240001	10	1
409	1	1	106.025951268360004	10	0.875
410	2	1	106.025951268360004	10	0.875
411	6	1	107.975216955939999	10	1
412	9	1	108.349048731639996	10	1
414	22	1	107.193238445540004	10	0.974999999999999978
415	3	1	110.264705882360005	10	0.525000000000000022
416	5	1	106.538666178379998	10	0.949999999999999956
417	13	1	109.964536048059998	10	0.625
419	29	1	108.659836065579995	10	1
420	15	1	107.053988651539996	10	0.974999999999999978
421	14	1	108.175483978640003	10	1
422	17	1	105.818666178379999	10	0.849999999999999978
423	30	1	108.255590787719996	10	1
425	31	1	106.346378504680004	10	0.925000000000000044
418	12	1	109.256925901200006	10	0.849999999999999978
295	5	1	124.591999511720005	12	0.925000000000000044
296	16	1	124.023281041380002	12	0.925000000000000044
297	17	1	125.818666178379999	12	0.925000000000000044
299	20	1	124.441505307059998	12	0.925000000000000044
400	27	2	\N	2	0.71698113207547165
401	28	2	\N	2	0.71698113207547165
402	22	2	22.1732117432600013	2	0.0754716981132075443
403	29	2	\N	2	0.71698113207547165
404	30	2	\N	2	0.71698113207547165
426	7	2	84.9176469690600015	8	0.100000000000000006
427	4	2	94.864402536719993	8	0.349999999999999978
429	1	2	94.1701435246999949	8	0.375
430	2	2	88.0820260347200019	8	0.474999999999999978
431	6	2	88.055323765020006	8	0.474999999999999978
432	9	2	89.0700100133600046	8	0.5
434	22	2	93.3614627446000043	8	0.400000000000000022
435	3	2	94.8529411764800017	8	0.349999999999999978
436	5	2	88.4319995117199937	8	0.474999999999999978
437	13	2	94.1033878504599954	8	0.375
380	7	2	\N	14	0.724999999999999978
382	27	2	144.58402870494001	14	0.25
383	1	2	\N	14	0.724999999999999978
384	2	2	\N	14	0.724999999999999978
385	6	2	\N	14	0.724999999999999978
386	9	2	\N	14	0.724999999999999978
387	28	2	\N	14	0.724999999999999978
389	3	2	\N	14	0.724999999999999978
390	5	2	\N	14	0.724999999999999978
391	13	2	145.585363818420007	14	0.225000000000000006
392	12	2	\N	14	0.724999999999999978
393	29	2	\N	14	0.724999999999999978
395	14	2	\N	14	0.724999999999999978
396	17	2	143.738666178379987	14	0.25
397	30	2	\N	14	0.724999999999999978
399	31	2	\N	14	0.724999999999999978
320	21	4	82.9017857142799954	8	0.424999999999999989
321	1	4	99.8043224298999974	8	0.125
322	7	4	82.2117646161200071	8	0.400000000000000022
323	4	4	95.8256842456599998	8	0.25
325	22	4	83.7753479248400055	8	0.424999999999999989
326	13	4	83.9832276368399988	8	0.424999999999999989
327	23	4	82.8083277703599947	8	0.424999999999999989
328	24	4	89.8710781041399969	8	0
329	9	4	\N	8	0.225000000000000006
330	8	4	\N	8	0.225000000000000006
332	25	4	\N	8	0.225000000000000006
333	12	4	\N	8	0.225000000000000006
334	26	4	\N	8	0.225000000000000006
336	16	4	95.398447930580005	8	0.25
337	17	4	95.3653328450599957	8	0.25
339	20	4	98.0480626841000031	8	0.25
360	7	4	115.564705792599995	10	0.824999999999999956
361	4	4	115.585363818420007	10	0.824999999999999956
362	27	4	103.088701602140006	10	0.0250000000000000014
363	1	4	\N	10	0.0500000000000000028
365	6	4	117.000584112140004	10	0.849999999999999978
366	9	4	115.718875166879997	10	0.849999999999999978
367	28	4	116.666805740979996	10	0.849999999999999978
368	22	4	116.085094253280005	10	0.849999999999999978
370	5	4	114.751999511720001	10	0.824999999999999956
371	13	4	118.589369158880004	10	0.349999999999999978
372	12	4	116.920477303080006	10	0.849999999999999978
373	29	4	115.381147540979995	10	0.824999999999999956
374	15	4	114.877753671560001	10	0.824999999999999956
376	17	4	110.565332845059999	10	0
377	30	4	115.144776368500004	10	0.824999999999999956
378	19	4	114.997913885179997	10	0.824999999999999956
379	31	4	114.917807076100004	10	0.824999999999999956
300	21	4	\N	12	0.174999999999999989
301	1	4	\N	12	0.174999999999999989
303	4	4	128.482560080100001	12	0.675000000000000044
304	2	4	127.921812416560002	12	0.650000000000000022
305	22	4	128.207924693860008	12	0.675000000000000044
307	23	4	130.979222296399996	12	0.574999999999999956
308	24	4	133.155457276360011	12	0.174999999999999989
309	9	4	128.429155540719989	12	0.675000000000000044
310	8	4	128.615384615380009	12	0.675000000000000044
311	3	4	130.05882352942001	12	0.775000000000000022
312	25	4	\N	12	0.174999999999999989
314	26	4	132.736000162760007	12	0.25
315	5	4	132.725332845059995	12	0.25
317	17	4	128.645332845060011	12	0.675000000000000044
318	18	4	128.989903204280012	12	0.699999999999999956
319	20	4	129.359538093939989	12	0.724999999999999978
526	21	1	\N	6	0.25
528	4	1	65.4117990654199986	6	0.333333333333333315
529	6	1	72.247580106800001	6	0.27777777777777779
530	7	1	64.1529410867200056	6	0.30555555555555558
531	3	1	\N	6	0.25
533	14	1	72.8483811748999983	6	0.27777777777777779
534	12	1	74.0099299065399947	6	0.27777777777777779
535	32	1	68.6106557377000001	6	0.166666666666666657
536	33	1	73.8764185580800046	6	0.27777777777777779
537	34	1	\N	6	0.25
539	35	1	\N	6	0.25
540	17	1	64.8053328450599935	6	0.30555555555555558
542	18	1	68.7762850467200053	6	0.138888888888888895
543	20	1	63.8331414542399997	6	0.30555555555555558
544	30	1	\N	6	0.25
545	36	1	\N	6	0.25
546	37	1	\N	6	0.25
282	7	1	122.682352851420006	12	0.775000000000000022
570	4	1	\N	16	0.857142857142857095
571	6	1	\N	16	0.857142857142857095
572	7	1	\N	16	0.857142857142857095
574	13	1	\N	16	0.857142857142857095
575	14	1	\N	16	0.857142857142857095
576	12	1	\N	16	0.857142857142857095
577	32	1	\N	16	0.857142857142857095
579	16	1	\N	16	0.857142857142857095
580	35	1	\N	16	0.857142857142857095
448	27	1	6.47988985314000043	0	0.925000000000000044
450	2	1	4.4505173564799998	0	0.849999999999999978
451	6	1	6.05265353805999951	0	0.925000000000000044
452	9	1	5.81233311081999915	0	0.925000000000000044
453	28	1	7.10739319091999988	0	0.925000000000000044
455	3	1	8.26470588235999948	0	0.724999999999999978
456	5	1	4.80533284505999969	0	0.900000000000000022
457	13	1	7.48122496661999925	0	0.849999999999999978
458	12	1	6.29297396527999986	0	0.925000000000000044
459	29	1	5.61065573770000015	0	0.925000000000000044
461	14	1	5.74557743658000053	0	0.925000000000000044
462	17	1	5.25866617838000039	0	0.900000000000000022
463	30	1	6.06600467290000012	0	0.925000000000000044
464	19	1	5.99924899865999972	0	0.925000000000000044
465	31	1	5.01126502002000063	0	0.900000000000000022
486	7	1	193.976470498480012	18	0.75
487	4	1	195.238234312419991	18	0.75
488	27	1	\N	18	0.225000000000000006
490	2	1	\N	18	0.225000000000000006
491	6	1	194.46386849132	18	0.75
493	28	1	196.319676234979994	18	0.75
494	22	1	194.669873959559993	18	0.75
495	3	1	\N	18	0.225000000000000006
496	5	1	194.61866617838001	18	0.75
497	13	1	195.839035380500007	18	0.75
499	29	1	194.659836065580009	18	0.75
500	15	1	193.542640186920011	18	0.75
501	14	1	195.705524032039989	18	0.75
502	17	1	194.61866617838001	18	0.75
504	19	1	194.570677570100003	18	0.75
505	31	1	194.330357142860009	18	0.75
438	12	2	88.8029873164200012	8	0.5
439	29	2	88.5614754098399999	8	0.474999999999999978
440	15	2	94.1834946595400027	8	0.375
442	17	2	88.9653328450600043	8	0.5
443	30	2	88.3623998664800041	8	0.474999999999999978
444	19	2	94.3303571428600094	8	0.375
445	31	2	92.4611982643600072	8	0.424999999999999989
547	21	3	97.5880340454000077	8	0.194444444444444448
549	4	3	88.722880507339994	8	0.69444444444444442
550	6	3	97.7215453938599978	8	0.194444444444444448
551	7	3	88.7999999102400039	8	0.69444444444444442
552	3	3	98.9411764705800039	8	0.194444444444444448
554	14	3	88.7896361815799935	8	0.69444444444444442
555	12	3	99.0032543391200051	8	0.194444444444444448
556	32	3	88.2827868852400002	8	0.69444444444444442
557	33	3	88.5359646194999925	8	0.69444444444444442
558	34	3	\N	8	0.0277777777777777762
560	35	3	92.7148698264400082	8	0.111111111111111105
561	17	3	89.0719995117199943	8	0.69444444444444442
562	19	3	88.3223464619400005	8	0.69444444444444442
563	18	3	89.844375834440001	8	0.72222222222222221
564	20	3	88.2657182232599951	8	0.69444444444444442
566	36	3	97.6681408544800007	8	0.194444444444444448
567	37	3	88.38910213618	8	0.69444444444444442
506	7	3	127.770588145540003	12	0.599999999999999978
507	4	3	128.001919225639995	12	0.599999999999999978
509	1	3	137.240904539380011	12	0.299999999999999989
510	2	3	127.601385180240001	12	0.599999999999999978
511	6	3	127.948514686240003	12	0.599999999999999978
512	9	3	127.708194259020004	12	0.599999999999999978
513	28	3	129.750917890519986	12	0.599999999999999978
515	3	3	138.911764705879989	12	0.299999999999999989
516	5	3	127.685332845060003	12	0.599999999999999978
517	13	3	129.617406542059996	12	0.599999999999999978
518	12	3	138.923147530040012	12	0.299999999999999989
519	29	3	136.987704918040009	12	0.299999999999999989
521	14	3	127.855056742320002	12	0.599999999999999978
522	17	3	127.258666178379997	12	0.599999999999999978
523	30	3	136.853721628839992	12	0.299999999999999989
524	19	3	127.654789719619998	12	0.599999999999999978
466	7	3	174.682352851420006	16	0.349999999999999978
467	4	3	174.143441254999999	16	0.325000000000000011
468	27	3	175.264936582100006	16	0.349999999999999978
469	1	3	\N	16	0.400000000000000022
470	2	3	\N	16	0.400000000000000022
472	9	3	\N	16	0.400000000000000022
473	28	3	165.478554739660012	16	0.174999999999999989
474	22	3	175.737964747260008	16	0.349999999999999978
475	3	3	\N	16	0.400000000000000022
476	5	3	173.871999511719991	16	0.325000000000000011
478	12	3	166.746912550059989	16	0.100000000000000006
479	29	3	\N	16	0.400000000000000022
480	15	3	177.38776702269999	16	0.125
481	14	3	\N	16	0.400000000000000022
483	30	3	174.130090120159991	16	0.325000000000000011
484	19	3	174.143441254999999	16	0.325000000000000011
485	31	3	\N	16	0.400000000000000022
447	4	1	5.09137182909999986	0	0.900000000000000022
294	26	1	125.322666829420001	12	0.949999999999999956
583	18	1	\N	16	0.857142857142857095
585	30	1	\N	16	0.857142857142857095
586	36	1	\N	16	0.857142857142857095
587	37	1	\N	16	0.857142857142857095
712	4	2	\N	1	0.933333333333333348
714	3	2	\N	1	0.933333333333333348
715	28	2	\N	1	0.933333333333333348
716	6	2	\N	1	0.933333333333333348
718	32	2	\N	1	0.933333333333333348
719	14	2	\N	1	0.933333333333333348
720	7	2	\N	1	0.933333333333333348
722	5	2	\N	1	0.933333333333333348
723	19	2	\N	1	0.933333333333333348
724	38	2	\N	1	0.933333333333333348
725	20	2	\N	1	0.933333333333333348
727	39	2	\N	1	0.933333333333333348
728	30	2	\N	1	0.933333333333333348
729	18	2	\N	1	0.933333333333333348
652	4	2	45.9191421895800005	4	0.361111111111111105
654	7	2	50.7999999102400039	4	0.5
655	3	2	50.2352941176400023	4	0.5
656	13	2	51.379756341779995	4	0.5
657	14	2	49.6441088117399971	4	0.55555555555555558
658	12	2	46.7202102803800017	4	0.416666666666666685
660	33	2	\N	4	0.0833333333333333287
661	34	2	\N	4	0.0833333333333333287
662	16	2	44.9044559412599966	4	0.361111111111111105
694	4	1	44.6641355140200034	4	0.34285714285714286
695	6	1	43.9164719626200011	4	0.34285714285714286
697	3	1	57.0588235294199961	4	0
698	13	1	53.4625333778400034	4	0.371428571428571441
699	14	1	53.2489152202999989	4	0.371428571428571441
700	12	1	\N	4	0.200000000000000011
701	32	1	\N	4	0.200000000000000011
703	16	1	43.5693424565999976	4	0.34285714285714286
704	35	1	\N	4	0.200000000000000011
705	17	1	53.4453328450600011	4	0.371428571428571441
706	19	1	43.4091288384599991	4	0.34285714285714286
708	20	1	45.3284685570399972	4	0.34285714285714286
709	30	1	52.2075267022599974	4	0.371428571428571441
710	36	1	52.2742823764999969	4	0.371428571428571441
711	37	1	52.2876335113399975	4	0.371428571428571441
663	35	2	52.7148698264400011	4	0.44444444444444442
665	19	2	49.4705440587400034	4	0.55555555555555558
666	18	2	51.4999165553999987	4	0.5
667	20	2	46.4232616144400012	4	0.361111111111111105
668	30	2	44.9445093458000002	4	0.361111111111111105
669	36	2	50.4852303070800019	4	0.5
588	21	3	6.9872329772999997	0	0.5
589	1	3	\N	0	0.111111111111111105
590	4	3	7.60138518023999943	0	0.47222222222222221
591	6	3	17.3210113484600008	0	0.111111111111111105
592	7	3	6.68235285142000013	0	0.5
593	3	3	\N	0	0.111111111111111105
595	14	3	4.25025033378000039	0	0.52777777777777779
596	12	3	19.1634679572800017	0	0.111111111111111105
597	32	3	2.87295081968000021	0	0.22222222222222221
599	34	3	\N	0	0.111111111111111105
600	16	3	17.1607977303000006	0	0.111111111111111105
601	35	3	16.9872329772999997	0	0.111111111111111105
602	17	3	2.61866617837999982	0	0.22222222222222221
603	19	3	7.01393524699999915	0	0.5
605	20	3	2.95196655435999977	0	0.22222222222222221
606	30	3	7.02728638183999976	0	0.5
607	36	3	2.9551902536800001	0	0.22222222222222221
608	37	3	7.21420226969999945	0	0.5
671	21	3	47.8951101468599987	4	0.69444444444444442
672	1	3	\N	4	0.25
674	6	3	48.9364986648799984	4	0.72222222222222221
675	7	3	47.9470587337799969	4	0.69444444444444442
676	3	3	\N	4	0.25
678	14	3	\N	4	0.25
679	12	3	\N	4	0.25
680	32	3	49.1024590163999974	4	0.72222222222222221
681	33	3	49.3103304405800031	4	0.72222222222222221
682	34	3	\N	4	0.25
684	35	3	50.5252837116199984	4	0.72222222222222221
685	17	3	48.9119995117199977	4	0.72222222222222221
686	19	3	48.2155373831799992	4	0.72222222222222221
687	18	3	50.3784212282999988	4	0.72222222222222221
688	20	3	48.5861454595800026	4	0.72222222222222221
690	36	3	48.4024532710200006	4	0.72222222222222221
691	37	3	49.1367656875799952	4	0.72222222222222221
609	21	4	\N	4	0.0857142857142857151
610	1	4	44.3170060080200017	4	0.685714285714285721
612	6	4	47.8684078771599957	4	0.400000000000000022
613	7	4	43.9470587337799969	4	0.65714285714285714
614	3	4	47.6470588235199983	4	0.400000000000000022
615	13	4	45.8790887850399969	4	0.771428571428571463
616	12	4	\N	4	0.0857142857142857151
618	33	4	46.1861648865200038	4	0.771428571428571463
619	34	4	\N	4	0.0857142857142857151
620	16	4	43.809662883839998	4	0.65714285714285714
621	35	4	53.5426401869199964	4	0.0285714285714285705
622	17	4	45.2586661783799968	4	0.771428571428571463
624	18	4	52.7549232309799976	4	0.0285714285714285705
625	20	4	45.8358116811999992	4	0.771428571428571463
626	30	4	46.3597296395199976	4	0.771428571428571463
627	36	4	58.7896361815800006	4	0.0285714285714285705
629	21	4	\N	14	0.166666666666666657
630	1	4	\N	14	0.166666666666666657
631	4	4	154.810997997319987	14	0.27777777777777779
632	6	4	153.716204939920004	14	0.27777777777777779
633	7	4	142.947058733780011	14	0.30555555555555558
635	13	4	143.74290720962	14	0.30555555555555558
636	14	4	147.294309078780003	14	0.194444444444444448
637	12	4	150.485230307080002	14	0.166666666666666657
638	32	4	142.6106557377	14	0.30555555555555558
639	33	4	150.698848464619999	14	0.22222222222222221
640	34	4	\N	14	0.166666666666666657
642	35	4	150.525283711620006	14	0.194444444444444448
643	17	4	143.445332845059994	14	0.30555555555555558
644	19	4	\N	14	0.166666666666666657
646	20	4	143.539416487599993	14	0.30555555555555558
647	30	4	142.033961949260004	14	0.22222222222222221
648	36	4	156.359729639519998	14	0.25
649	37	4	\N	14	0.166666666666666657
693	1	1	\N	4	0.200000000000000011
868	3	1	\N	7	0.955555555555555602
869	28	1	\N	7	0.955555555555555602
870	6	1	\N	7	0.955555555555555602
872	32	1	\N	7	0.955555555555555602
873	14	1	\N	7	0.955555555555555602
874	7	1	\N	7	0.955555555555555602
876	5	1	\N	7	0.955555555555555602
877	19	1	\N	7	0.955555555555555602
878	38	1	\N	7	0.955555555555555602
879	20	1	\N	7	0.955555555555555602
880	17	1	\N	7	0.955555555555555602
882	30	1	\N	7	0.955555555555555602
883	18	1	\N	7	0.955555555555555602
884	36	1	\N	7	0.955555555555555602
886	40	1	\N	7	0.955555555555555602
887	41	1	\N	7	0.955555555555555602
844	4	1	\N	9	0.977777777777777746
845	1	1	\N	9	0.977777777777777746
847	28	1	\N	9	0.977777777777777746
848	6	1	\N	9	0.977777777777777746
849	13	1	\N	9	0.977777777777777746
851	14	1	\N	9	0.977777777777777746
852	7	1	\N	9	0.977777777777777746
853	24	1	\N	9	0.977777777777777746
855	19	1	\N	9	0.977777777777777746
856	38	1	\N	9	0.977777777777777746
857	20	1	\N	9	0.977777777777777746
858	17	1	\N	9	0.977777777777777746
860	30	1	\N	9	0.977777777777777746
861	18	1	\N	9	0.977777777777777746
862	36	1	\N	9	0.977777777777777746
864	40	1	\N	9	0.977777777777777746
865	41	1	\N	9	0.977777777777777746
280	21	1	124.690837783719999	12	0.925000000000000044
185	2	1	149.764269025359994	14	0.125
568	21	1	\N	16	0.857142857142857095
581	17	1	177.391999511720002	16	0.0571428571428571411
582	19	1	\N	16	0.857142857142857095
573	3	1	167.352941176479987	16	0
2433	64	1	170.979222296395989	17	0
888	4	1	\N	19	0.863636363636363646
890	3	1	\N	19	0.863636363636363646
891	28	1	200.098047396520002	19	0.0909090909090909116
892	6	1	\N	19	0.863636363636363646
893	13	1	\N	19	0.863636363636363646
895	14	1	\N	19	0.863636363636363646
896	7	1	\N	19	0.863636363636363646
898	5	1	\N	19	0.863636363636363646
899	38	1	\N	19	0.863636363636363646
900	20	1	\N	19	0.863636363636363646
901	17	1	\N	19	0.863636363636363646
903	30	1	\N	19	0.863636363636363646
904	18	1	\N	19	0.863636363636363646
905	36	1	\N	19	0.863636363636363646
906	37	1	\N	19	0.863636363636363646
907	40	1	\N	19	0.863636363636363646
908	41	1	\N	19	0.863636363636363646
2320	59	1	202.228748031219993	19	0.113636363636363633
731	37	2	\N	1	0.933333333333333348
732	40	2	\N	1	0.933333333333333348
733	41	2	12.9713114754000003	1	0.0444444444444444461
81	1	2	\N	2	0.71698113207547165
96	16	2	29.363734979980002	2	0.0566037735849056617
2497	51	2	40.8457109479399989	3	0.0250000000000000014
651	1	2	50.7522530039999964	4	0.5
2792	100	2	\N	5	0.974999999999999978
1689	51	2	66.9204773030800055	6	0.775000000000000022
778	4	2	\N	7	1
779	1	2	\N	7	1
780	3	2	\N	7	1
781	28	2	\N	7	1
782	6	2	\N	7	1
783	13	2	\N	7	1
785	14	2	\N	7	1
786	7	2	\N	7	1
787	24	2	\N	7	1
788	5	2	\N	7	1
790	38	2	\N	7	1
791	20	2	\N	7	1
792	17	2	\N	7	1
794	30	2	\N	7	1
795	18	2	\N	7	1
796	36	2	\N	7	1
798	40	2	\N	7	1
799	41	2	\N	7	1
1869	77	2	93.9698765020000053	8	0.375
800	4	2	\N	9	0.977777777777777746
801	1	2	\N	9	0.977777777777777746
803	28	2	\N	9	0.977777777777777746
804	6	2	\N	9	0.977777777777777746
805	13	2	\N	9	0.977777777777777746
807	14	2	\N	9	0.977777777777777746
808	7	2	\N	9	0.977777777777777746
810	5	2	\N	9	0.977777777777777746
811	19	2	\N	9	0.977777777777777746
812	38	2	\N	9	0.977777777777777746
813	20	2	\N	9	0.977777777777777746
814	17	2	\N	9	0.977777777777777746
815	39	2	\N	9	0.977777777777777746
817	18	2	\N	9	0.977777777777777746
818	36	2	\N	9	0.977777777777777746
819	37	2	\N	9	0.977777777777777746
821	41	2	\N	9	0.977777777777777746
134	14	2	109.964536048059998	10	0.0975609756097561009
756	4	3	\N	5	0.822222222222222188
757	1	3	\N	5	0.822222222222222188
758	3	3	\N	5	0.822222222222222188
760	6	3	\N	5	0.822222222222222188
761	13	3	\N	5	0.822222222222222188
763	14	3	\N	5	0.822222222222222188
764	7	3	\N	5	0.822222222222222188
765	24	3	\N	5	0.822222222222222188
766	5	3	\N	5	0.822222222222222188
767	19	3	\N	5	0.822222222222222188
768	38	3	\N	5	0.822222222222222188
770	17	3	59.0986661783800002	5	0.155555555555555558
771	39	3	\N	5	0.822222222222222188
772	30	3	\N	5	0.822222222222222188
773	18	3	\N	5	0.822222222222222188
775	37	3	\N	5	0.822222222222222188
776	40	3	\N	5	0.822222222222222188
777	41	3	\N	5	0.822222222222222188
822	4	4	\N	1	1
824	3	4	\N	1	1
825	28	4	\N	1	1
826	6	4	\N	1	1
931	2	1	\N	15	1
932	28	1	\N	15	1
933	6	1	\N	15	1
935	22	1	\N	15	1
936	42	1	\N	15	1
937	9	1	\N	15	1
939	12	1	\N	15	1
940	17	1	\N	15	1
941	13	1	\N	15	1
942	14	1	\N	15	1
944	19	1	\N	15	1
945	30	1	\N	15	1
946	18	1	\N	15	1
1006	1	1	\N	17	0.921568627450980338
1007	7	1	\N	17	0.921568627450980338
1008	2	1	\N	17	0.921568627450980338
1010	6	1	\N	17	0.921568627450980338
1011	4	1	\N	17	0.921568627450980338
1012	22	1	\N	17	0.921568627450980338
1013	42	1	\N	17	0.921568627450980338
1015	3	1	\N	17	0.921568627450980338
1016	12	1	\N	17	0.921568627450980338
1017	17	1	\N	17	0.921568627450980338
1019	13	1	\N	17	0.921568627450980338
1020	14	1	\N	17	0.921568627450980338
1022	19	1	\N	17	0.921568627450980338
1023	30	1	\N	17	0.921568627450980338
1024	18	1	\N	17	0.921568627450980338
1025	43	1	\N	17	0.921568627450980338
1087	44	2	\N	3	0.949999999999999956
1088	4	2	\N	3	0.949999999999999956
1090	45	2	\N	3	0.949999999999999956
1091	7	2	\N	3	0.949999999999999956
1092	46	2	\N	3	0.949999999999999956
37	17	2	127.791999511720007	12	0.560975609756097615
1820	77	2	145.665470627499985	14	0.225000000000000006
244	2	3	37.4545226969199945	2	0.550000000000000044
2574	60	3	\N	3	1
762	32	3	58.0820260347200019	5	0.133333333333333331
1210	48	3	\N	7	1
2612	98	3	\N	7	1
1984	60	3	97.07200016022	8	0.194444444444444448
1026	1	3	\N	9	1
1027	7	3	\N	9	1
1028	2	3	\N	9	1
1029	28	3	\N	9	1
1031	4	3	\N	9	1
1032	22	3	\N	9	1
1033	42	3	\N	9	1
1035	3	3	\N	9	1
1036	12	3	\N	9	1
1037	17	3	\N	9	1
1039	13	3	\N	9	1
1040	14	3	\N	9	1
1041	20	3	\N	9	1
1042	19	3	\N	9	1
1044	18	3	\N	9	1
1045	43	3	\N	9	1
1465	65	3	110.231558745000001	10	0.829268292682926789
1249	20	3	117.170925165840004	11	0
2653	57	3	\N	11	0.949999999999999956
1954	78	3	127.774949933239995	12	0.599999999999999978
1336	20	3	\N	13	0.974999999999999978
2733	62	3	\N	13	0.974999999999999978
1471	51	3	147.694843124160002	14	0.560975609756097615
948	1	3	\N	15	1
950	2	3	\N	15	1
951	28	3	\N	15	1
952	6	3	\N	15	1
954	22	3	\N	15	1
955	42	3	\N	15	1
956	9	3	\N	15	1
957	3	3	\N	15	1
959	17	3	\N	15	1
960	13	3	\N	15	1
961	14	3	\N	15	1
963	19	3	\N	15	1
964	30	3	\N	15	1
965	18	3	\N	15	1
1915	20	3	165.542086714579995	16	0.174999999999999989
837	39	4	\N	1	1
2235	60	4	\N	1	1
2248	59	4	\N	1	1
1625	56	4	25.1180740988000011	2	0.625
1066	44	4	\N	3	0.974999999999999978
1067	4	4	\N	3	0.974999999999999978
1068	1	4	\N	3	0.974999999999999978
1069	45	4	\N	3	0.974999999999999978
1071	46	4	\N	3	0.974999999999999978
1072	9	4	\N	3	0.974999999999999978
1073	3	4	\N	3	0.974999999999999978
1075	5	4	\N	3	0.974999999999999978
1076	12	4	\N	3	0.974999999999999978
1077	13	4	\N	3	0.974999999999999978
1079	14	4	\N	3	0.974999999999999978
1080	16	4	\N	3	0.974999999999999978
1081	47	4	\N	3	0.974999999999999978
1082	17	4	\N	3	0.974999999999999978
1084	30	4	\N	3	0.974999999999999978
1085	48	4	\N	3	0.974999999999999978
1086	18	4	\N	3	0.974999999999999978
2032	60	4	43.6320001602200023	4	0.65714285714285714
1047	7	4	\N	5	0.947368421052631526
1048	2	4	\N	5	0.947368421052631526
1049	28	4	\N	5	0.947368421052631526
1051	4	4	\N	5	0.947368421052631526
1052	22	4	\N	5	0.947368421052631526
1053	42	4	\N	5	0.947368421052631526
1054	9	4	\N	5	0.947368421052631526
1056	12	4	\N	5	0.947368421052631526
1057	17	4	\N	5	0.947368421052631526
1058	34	4	\N	5	0.947368421052631526
1060	14	4	\N	5	0.947368421052631526
1061	20	4	\N	5	0.947368421052631526
1062	19	4	\N	5	0.947368421052631526
1063	30	4	\N	5	0.947368421052631526
1064	18	4	\N	5	0.947368421052631526
1065	43	4	\N	5	0.947368421052631526
1663	27	4	72.7282209612800017	6	0.66666666666666663
968	7	4	\N	11	1
969	2	4	\N	11	1
970	28	4	\N	11	1
972	4	4	\N	11	1
973	22	4	\N	11	1
974	42	4	\N	11	1
975	9	4	\N	11	1
977	12	4	\N	11	1
978	17	4	\N	11	1
979	13	4	\N	11	1
981	20	4	\N	11	1
982	19	4	\N	11	1
1094	3	2	\N	3	0.949999999999999956
1095	42	2	\N	3	0.949999999999999956
1096	5	2	\N	3	0.949999999999999956
1098	13	2	\N	3	0.949999999999999956
1099	24	2	\N	3	0.949999999999999956
1100	14	2	\N	3	0.949999999999999956
1102	47	2	\N	3	0.949999999999999956
1103	17	2	\N	3	0.949999999999999956
1104	20	2	\N	3	0.949999999999999956
1105	30	2	\N	3	0.949999999999999956
1107	18	2	\N	3	0.949999999999999956
1129	44	2	\N	11	0.948717948717948678
1130	4	2	\N	11	0.948717948717948678
1132	45	2	\N	11	0.948717948717948678
1133	7	2	\N	11	0.948717948717948678
1134	46	2	\N	11	0.948717948717948678
1136	3	2	\N	11	0.948717948717948678
1137	42	2	\N	11	0.948717948717948678
1138	5	2	\N	11	0.948717948717948678
1139	12	2	\N	11	0.948717948717948678
1141	24	2	120.191505340459997	11	0
1142	16	2	\N	11	0.948717948717948678
1143	47	2	\N	11	0.948717948717948678
1145	20	2	\N	11	0.948717948717948678
1146	30	2	\N	11	0.948717948717948678
1147	48	2	\N	11	0.948717948717948678
1212	4	2	\N	13	0.974358974358974339
1213	1	2	\N	13	0.974358974358974339
1214	45	2	\N	13	0.974358974358974339
1215	7	2	\N	13	0.974358974358974339
1217	9	2	\N	13	0.974358974358974339
1218	3	2	\N	13	0.974358974358974339
1219	42	2	\N	13	0.974358974358974339
1221	12	2	\N	13	0.974358974358974339
1222	13	2	\N	13	0.974358974358974339
1223	24	2	\N	13	0.974358974358974339
1225	16	2	\N	13	0.974358974358974339
1226	47	2	\N	13	0.974358974358974339
1227	17	2	\N	13	0.974358974358974339
1228	20	2	\N	13	0.974358974358974339
1230	48	2	\N	13	0.974358974358974339
1231	18	2	\N	13	0.974358974358974339
1149	44	3	\N	3	1
1151	1	3	\N	3	1
1152	45	3	\N	3	1
1153	7	3	\N	3	1
1155	9	3	\N	3	1
1156	3	3	\N	3	1
1157	42	3	\N	3	1
1158	5	3	\N	3	1
1160	13	3	\N	3	1
1161	24	3	\N	3	1
1162	14	3	\N	3	1
1164	47	3	\N	3	1
1165	17	3	\N	3	1
1166	20	3	\N	3	1
1168	48	3	\N	3	1
1169	18	3	\N	3	1
1191	44	3	\N	7	1
1192	4	3	\N	7	1
1194	45	3	\N	7	1
1195	7	3	\N	7	1
1196	46	3	\N	7	1
1198	3	3	\N	7	1
1199	42	3	\N	7	1
1200	5	3	\N	7	1
1202	13	3	\N	7	1
1203	24	3	\N	7	1
1204	14	3	\N	7	1
1205	16	3	\N	7	1
1207	17	3	\N	7	1
1208	20	3	\N	7	1
1209	30	3	\N	7	1
1128	18	4	\N	7	1
2535	59	4	\N	7	1
2536	99	4	\N	7	1
738	6	4	\N	9	1
751	18	4	\N	9	1
1173	45	1	\N	1	1
1174	7	1	\N	1	1
1175	46	1	\N	1	1
1177	3	1	\N	1	1
1178	42	1	\N	1	1
1179	5	1	\N	1	1
1181	13	1	\N	1	1
1182	24	1	\N	1	1
1183	14	1	\N	1	1
1185	47	1	\N	1	1
1186	17	1	\N	1	1
1187	20	1	\N	1	1
1188	30	1	\N	1	1
1190	18	1	\N	1	1
1273	1	1	\N	3	1
1274	44	1	\N	3	1
1276	2	1	\N	3	1
1277	3	1	\N	3	1
1253	1	1	\N	5	0.824999999999999956
1255	49	1	\N	5	0.824999999999999956
1256	2	1	\N	5	0.824999999999999956
1257	3	1	\N	5	0.824999999999999956
1258	4	1	\N	5	0.824999999999999956
1260	6	1	\N	5	0.824999999999999956
1261	22	1	\N	5	0.824999999999999956
1262	12	1	\N	5	0.824999999999999956
1264	50	1	\N	5	0.824999999999999956
1265	14	1	\N	5	0.824999999999999956
1266	47	1	\N	5	0.824999999999999956
1268	38	1	60.3650700934599982	5	0.149999999999999994
1269	30	1	\N	5	0.824999999999999956
1270	18	1	\N	5	0.824999999999999956
1271	20	1	\N	5	0.824999999999999956
364	2	4	115.131425233640002	10	0.824999999999999956
2388	94	4	\N	11	1
302	7	4	127.623529321999996	12	0.650000000000000022
918	3	4	\N	13	0.894736842105263164
927	18	4	138.02862149532001	13	0.0789473684210526272
2340	27	4	137.38776702269999	13	0.0789473684210526272
997	17	4	\N	15	0.763157894736842146
2401	56	4	162.861732309740006	15	0.184210526315789463
1358	1	1	\N	11	1
1360	49	1	\N	11	1
1361	2	1	\N	11	1
1362	3	1	\N	11	1
1364	7	1	\N	11	1
1365	6	1	\N	11	1
1366	22	1	\N	11	1
1368	13	1	\N	11	1
1369	50	1	\N	11	1
1370	14	1	\N	11	1
1371	47	1	\N	11	1
1373	38	1	\N	11	1
1374	30	1	\N	11	1
1375	18	1	\N	11	1
1377	19	1	\N	11	1
1298	1	1	\N	13	0.974999999999999978
1299	44	1	\N	13	0.974999999999999978
1301	2	1	\N	13	0.974999999999999978
1302	3	1	\N	13	0.974999999999999978
1303	4	1	\N	13	0.974999999999999978
1304	7	1	\N	13	0.974999999999999978
1306	22	1	138.314733772640011	13	0
1307	12	1	\N	13	0.974999999999999978
1308	13	1	\N	13	0.974999999999999978
1310	14	1	\N	13	0.974999999999999978
1311	47	1	\N	13	0.974999999999999978
1312	17	1	\N	13	0.974999999999999978
1314	30	1	\N	13	0.974999999999999978
1315	18	1	\N	13	0.974999999999999978
1316	20	1	\N	13	0.974999999999999978
1317	19	1	\N	13	0.974999999999999978
1294	49	1	\N	17	0.921568627450980338
1295	50	1	\N	17	0.921568627450980338
1296	47	1	\N	17	0.921568627450980338
1378	1	2	\N	5	0.974999999999999978
1379	44	2	\N	5	0.974999999999999978
1380	49	2	\N	5	0.974999999999999978
1382	3	2	\N	5	0.974999999999999978
1383	4	2	\N	5	0.974999999999999978
1384	7	2	\N	5	0.974999999999999978
1385	6	2	\N	5	0.974999999999999978
1387	12	2	\N	5	0.974999999999999978
1388	13	2	\N	5	0.974999999999999978
1389	50	2	\N	5	0.974999999999999978
1391	47	2	\N	5	0.974999999999999978
1392	17	2	\N	5	0.974999999999999978
1393	38	2	\N	5	0.974999999999999978
1395	18	2	\N	5	0.974999999999999978
1396	20	2	\N	5	0.974999999999999978
1397	19	2	\N	5	0.974999999999999978
1427	51	2	\N	12	0.317073170731707321
1429	53	2	\N	12	0.317073170731707321
1430	54	2	127.401118157539997	12	0.58536585365853655
1431	55	2	\N	12	0.317073170731707321
1433	32	2	126.132760347119998	12	0.560975609756097615
1434	28	2	128.74958277703999	12	0.560975609756097615
1401	22	1	\N	1	1
1402	50	1	\N	1	1
1403	38	1	\N	1	1
1405	51	1	30.9792222963999997	2	0.414634146341463394
1406	52	1	\N	2	0.268292682926829285
1408	54	1	\N	2	0.268292682926829285
1409	55	1	30.5920393858399997	2	0.414634146341463394
1410	56	1	\N	2	0.268292682926829285
1411	32	1	30.7522530039999999	2	0.414634146341463394
1412	28	1	32.4344959946599971	2	0.390243902439024404
1413	57	1	\N	2	0.268292682926829285
1415	59	1	30.9258177570000008	2	0.414634146341463394
1416	60	1	30.2719995117200007	2	0.414634146341463394
1417	61	1	\N	2	0.268292682926829285
1419	63	1	30.6587950600799992	2	0.414634146341463394
1420	64	1	30.5653371161599985	2	0.414634146341463394
1421	65	1	31.9138017356399999	2	0.390243902439024404
1422	66	1	23.4091288384599991	2	0.0975609756097561009
1423	67	1	23.25	2	0.0975609756097561009
1424	68	1	\N	2	0.268292682926829285
1426	70	1	30.8724132176200001	2	0.414634146341463394
1278	4	1	\N	3	1
1279	7	1	\N	3	1
1280	6	1	\N	3	1
1282	12	1	\N	3	1
1283	13	1	\N	3	1
1284	50	1	\N	3	1
1286	47	1	\N	3	1
1287	17	1	\N	3	1
1288	38	1	\N	3	1
1290	18	1	\N	3	1
1291	20	1	\N	3	1
1292	19	1	\N	3	1
1435	57	2	127.12074432576	12	0.609756097560975596
1436	58	2	127.321011348460004	12	0.58536585365853655
1437	59	2	127.801652202940005	12	0.560975609756097615
1439	61	2	129.136765687580009	12	0.536585365853658569
1440	62	2	\N	12	0.317073170731707321
1441	63	2	126.786965954600007	12	0.609756097560975596
1442	64	2	126.212867156200005	12	0.58536585365853655
1444	66	2	\N	12	0.317073170731707321
1445	67	2	126.92213114754	12	0.609756097560975596
1446	68	2	124.690837783719999	12	0.390243902439024404
1447	69	2	127.908461281699999	12	0.536585365853658569
1448	70	2	\N	12	0.317073170731707321
1338	1	3	\N	1	1
1340	49	3	\N	1	1
1341	2	3	\N	1	1
1342	3	3	\N	1	1
1343	4	3	\N	1	1
1345	6	3	\N	1	1
1346	22	3	\N	1	1
1347	12	3	\N	1	1
1349	50	3	\N	1	1
1350	14	3	\N	1	1
1351	47	3	\N	1	1
1353	38	3	\N	1	1
1354	30	3	\N	1	1
1355	18	3	\N	1	1
1356	20	3	\N	1	1
1449	51	3	108.602720293719997	10	0.804878048780487854
1581	52	2	16.5733477970600021	0	0.658536585365853688
1582	53	2	16.7335614152200023	0	0.658536585365853688
1584	55	2	16.9471795727599996	0	0.658536585365853688
1585	56	2	16.1995160213600009	0	0.658536585365853688
1586	32	2	5.01126502002000063	0	0.0243902439024390252
1587	28	2	\N	0	0.21951219512195122
1589	58	2	17.0406375166800004	0	0.658536585365853688
1590	59	2	17.2809579439200007	0	0.658536585365853688
1591	60	2	16.6453328450600004	0	0.658536585365853688
1592	61	2	19.1768190921200024	0	0.634146341463414642
1593	62	2	\N	0	0.21951219512195122
1594	63	2	\N	0	0.21951219512195122
1596	65	2	\N	0	0.21951219512195122
1597	66	2	17.2409045393800007	0	0.658536585365853688
1493	51	2	\N	2	0.71698113207547165
1494	52	2	\N	2	0.71698113207547165
1495	53	2	\N	2	0.71698113207547165
1496	54	2	\N	2	0.71698113207547165
1497	55	2	32.6481141522000016	2	0.0377358490566037721
1498	56	2	\N	2	0.71698113207547165
1500	57	2	\N	2	0.71698113207547165
1501	58	2	24.8109979973200012	2	0.150943396226415089
1502	59	2	\N	2	0.71698113207547165
1503	60	2	\N	2	0.71698113207547165
1505	62	2	\N	2	0.71698113207547165
1506	63	2	\N	2	0.71698113207547165
1507	64	2	\N	2	0.71698113207547165
1509	66	2	\N	2	0.71698113207547165
1510	67	2	\N	2	0.71698113207547165
1511	68	2	25.9191421895800005	2	0.132075471698113206
1513	70	2	\N	2	0.71698113207547165
1536	51	2	\N	10	0.853658536585365835
1537	52	2	\N	10	0.853658536585365835
1538	53	2	\N	10	0.853658536585365835
1539	54	2	\N	10	0.853658536585365835
1540	55	2	\N	10	0.853658536585365835
1542	32	2	\N	10	0.853658536585365835
1543	28	2	\N	10	0.853658536585365835
1544	57	2	\N	10	0.853658536585365835
1545	58	2	\N	10	0.853658536585365835
1547	60	2	\N	10	0.853658536585365835
1548	61	2	109.056658878500002	10	0.121951219512195119
1549	62	2	\N	10	0.853658536585365835
1550	63	2	\N	10	0.853658536585365835
1552	65	2	\N	10	0.853658536585365835
1553	66	2	\N	10	0.853658536585365835
1555	68	2	\N	10	0.853658536585365835
1556	69	2	\N	10	0.853658536585365835
1557	70	2	\N	10	0.853658536585365835
1514	51	3	67.8817590120199981	6	0.902439024390243927
1515	52	3	67.441171562080001	6	0.902439024390243927
1517	54	3	67.4278204272399933	6	0.902439024390243927
1518	55	3	68.8830941254999942	6	0.902439024390243927
1519	56	3	67.6280874499399971	6	0.902439024390243927
1520	32	3	67.8951101468600058	6	0.902439024390243927
1521	28	3	69.5773531375200065	6	0.902439024390243927
1523	58	3	68.0686748998599995	6	0.902439024390243927
1524	59	3	67.5346295060000017	6	0.902439024390243927
1525	60	3	67.47199951172	6	0.902439024390243927
1526	61	3	\N	6	0.0487804878048780505
1528	63	3	67.2142022696999959	6	0.902439024390243927
1529	64	3	67.2275534045400036	6	0.902439024390243927
1530	65	3	68.4959112149600031	6	0.902439024390243927
1531	66	3	67.9218124165600017	6	0.902439024390243927
1532	67	3	67.7745901639400046	6	0.902439024390243927
1533	68	3	\N	6	0.0487804878048780505
1535	70	3	67.2943090787800031	6	0.902439024390243927
1451	53	3	109.070010013360005	10	0.829268292682926789
1452	54	3	109.056658878500002	10	0.829268292682926789
1453	55	3	108.802987316420001	10	0.829268292682926789
1455	32	3	109.070010013360005	10	0.829268292682926789
1456	28	3	111.740236982639999	10	0.682926829268292734
1457	57	3	109.176819092119999	10	0.829268292682926789
1458	58	3	109.537299732980003	10	0.829268292682926789
1460	60	3	109.178666178379999	10	0.829268292682926789
1461	61	3	110.551985981299993	10	0.829268292682926789
1462	62	3	108.998664886520004	10	0.829268292682926789
1463	63	3	109.216872496660002	10	0.829268292682926789
1464	64	3	108.963200934580001	10	0.829268292682926789
1466	66	3	109.390437249659996	10	0.829268292682926789
1467	67	3	108.95491803278	10	0.829268292682926789
1468	68	3	\N	10	0.146341463414634138
1469	69	3	110.151451935919994	10	0.829268292682926789
1470	70	3	109.4304906542	10	0.829268292682926789
1472	52	3	158.255590787719996	14	0.292682926829268275
1473	53	3	148.215537383179992	14	0.560975609756097615
1474	54	3	156.960530707619995	14	0.292682926829268275
1475	55	3	148.055323765020006	14	0.560975609756097615
1477	32	3	147.574682910539991	14	0.560975609756097615
1478	28	3	148.776285046720005	14	0.560975609756097615
1479	57	3	147.280957943919987	14	0.560975609756097615
1480	58	3	156.479889853140008	14	0.292682926829268275
1481	59	3	148.282293057400011	14	0.560975609756097615
1483	61	3	156.746912550059989	14	0.292682926829268275
1484	62	3	148.651535380500007	14	0.560975609756097615
1485	63	3	148.148781708939993	14	0.560975609756097615
1486	64	3	156.119409212280004	14	0.292682926829268275
1487	65	3	\N	14	0.0975609756097561009
1489	67	3	147.87295081968	14	0.560975609756097615
1490	68	3	157.801652202940005	14	0.292682926829268275
1491	69	3	158.188835113479996	14	0.292682926829268275
1492	70	3	\N	14	0.0975609756097561009
1559	52	4	9.25692590120000069	0	0.853658536585365835
1560	53	4	9.41713951935999916	0	0.878048780487804881
1561	54	4	10.01794058744	0	0.878048780487804881
1562	55	4	8.90979639520000077	0	0.829268292682926789
1563	56	4	9.33703271027999904	0	0.853658536585365835
1565	28	4	11.3664052069399997	0	0.878048780487804881
1566	57	4	11.5266188251000017	0	0.878048780487804881
1567	58	4	11.9138017356399999	0	0.804878048780487854
1568	59	4	9.59070427236	0	0.878048780487804881
1569	60	4	\N	0	0.0487804878048780505
1571	62	4	9.69292389854000014	0	0.878048780487804881
1572	63	4	9.72421562081999902	0	0.878048780487804881
1573	64	4	9.57735313752000117	0	0.878048780487804881
1574	65	4	10.1514519359199991	0	0.878048780487804881
1576	67	4	9.5122950819600014	0	0.878048780487804881
1577	68	4	9.47054405873999983	0	0.878048780487804881
1578	69	4	12.3410380507399999	0	0.682926829268292734
1579	70	4	10.2849632843799998	0	0.878048780487804881
1708	52	1	124.690837783719999	12	0.925000000000000044
1709	56	1	124.931158210939998	12	0.925000000000000044
1711	55	1	124.530624165559999	12	0.925000000000000044
1712	60	1	124.805332845059993	12	0.925000000000000044
1713	53	1	124.530624165559999	12	0.925000000000000044
1714	72	1	124.330357142859995	12	0.925000000000000044
1716	28	1	126.319676234979994	12	0.925000000000000044
1717	74	1	124.031999511720002	12	0.925000000000000044
1718	75	1	126.159462616820008	12	0.925000000000000044
1719	62	1	124.325767690259994	12	0.925000000000000044
1720	65	1	124.891104806399994	12	0.925000000000000044
1722	66	1	125.198180907880001	12	0.949999999999999956
1723	64	1	124.55732643524	12	0.925000000000000044
1724	63	1	124.196845794400005	12	0.925000000000000044
1725	59	1	124.591898899059998	12	0.925000000000000044
1726	27	1	125.75892857142	12	0.925000000000000044
1602	71	1	141.840163934425988	14	0.200000000000000011
1603	52	1	\N	14	0.275000000000000022
1604	56	1	149.97788718292	14	0.149999999999999994
1605	51	1	146.252920560739994	14	0.225000000000000006
1607	60	1	152.645332845060011	14	0.174999999999999989
1608	53	1	141.459863150867989	14	0.200000000000000011
1609	72	1	151.593374499340001	14	0.149999999999999994
1610	73	1	\N	14	0.275000000000000022
1611	28	1	145.919142189579986	14	0.25
1612	74	1	\N	14	0.275000000000000022
1614	62	1	143.711615487319989	14	0.400000000000000022
1615	65	1	146.600050066759991	14	0.225000000000000006
1616	69	1	146.466538718300001	14	0.225000000000000006
1617	66	1	\N	14	0.275000000000000022
1618	64	1	\N	14	0.275000000000000022
1620	59	1	144.031151235500005	14	0.400000000000000022
1621	27	1	146.239569425899987	14	0.225000000000000006
1622	57	1	\N	14	0.275000000000000022
1600	69	2	18.2689419225599998	0	0.658536585365853688
1601	70	2	\N	0	0.21951219512195122
1686	71	2	\N	6	0.100000000000000006
1687	52	2	68.696178237660007	6	0.849999999999999978
1688	56	2	66.8003170894599947	6	0.724999999999999978
1690	55	2	68.5092623497999966	6	0.849999999999999978
1691	60	2	67.0986661783800002	6	0.775000000000000022
1692	53	2	68.4024532710199935	6	0.849999999999999978
1693	72	2	69.2702770360399995	6	0.800000000000000044
1694	73	2	66.6267523364400063	6	0.724999999999999978
1696	74	2	66.7786661783800071	6	0.724999999999999978
1697	75	2	70.5653371161599949	6	0.474999999999999978
1698	62	2	66.6755674232399969	6	0.724999999999999978
1699	65	2	68.5226134846400043	6	0.849999999999999978
1701	66	2	69.0166054739599986	6	0.849999999999999978
1702	64	2	66.2128671562000051	6	0.699999999999999956
1703	63	2	66.8403704939999983	6	0.75
1704	59	2	67.876278071279998	6	0.849999999999999978
1705	27	2	68.0286214953199959	6	0.849999999999999978
1665	71	3	39.1188524590200046	2	0.550000000000000044
1666	52	3	37.5346295060000017	2	0.550000000000000044
1667	56	3	28.1087283043999996	2	0.275000000000000022
1668	51	3	37.8684078771600028	2	0.550000000000000044
1669	55	3	38.7362316421800017	2	0.550000000000000044
1671	53	3	28.8296895861200007	2	0.275000000000000022
1672	72	3	28.5493157543400002	2	0.275000000000000022
1673	73	3	\N	2	0.100000000000000006
1674	28	3	39.5372997329800029	2	0.550000000000000044
1676	75	3	30.2182076101399986	2	0.275000000000000022
1677	62	3	37.3564753003999996	2	0.574999999999999956
1678	65	3	\N	2	0.100000000000000006
1679	69	3	38.2956441922599993	2	0.550000000000000044
1680	66	3	28.7228805073400011	2	0.275000000000000022
1682	63	3	37.3610647530000008	2	0.574999999999999956
1683	59	3	37.5959042395000012	2	0.550000000000000044
1684	27	3	38.0419726301799983	2	0.550000000000000044
1685	57	3	38.1220794392599984	2	0.550000000000000044
1623	71	4	\N	2	0.149999999999999994
1624	52	4	\N	2	0.149999999999999994
1626	51	4	37.0139352469999992	2	0.174999999999999989
1627	55	4	26.3463785046800005	2	0.625
1628	60	4	25.1253328450600009	2	0.625
1630	72	4	37.5479806408600041	2	0.174999999999999989
1631	73	4	\N	2	0.149999999999999994
1632	28	4	26.6134012015999986	2	0.625
1633	74	4	24.6986661783800017	2	0.625
1634	75	4	\N	2	0.149999999999999994
1636	65	4	25.3183411214999978	2	0.625
1637	69	4	27.5346295060000017	2	0.424999999999999989
1638	66	4	26.3730807743599982	2	0.625
1639	64	4	23.7028538050800002	2	0.599999999999999978
1640	63	4	24.143441254999999	2	0.599999999999999978
1642	27	4	25.4117990654199986	2	0.625
1643	57	4	37.6948431241600019	2	0.174999999999999989
1644	71	4	\N	6	0.102564102564102561
1645	52	4	76.3063251001400005	6	0.358974358974358976
1647	51	4	72.127419893199999	6	0.615384615384615419
1648	55	4	73.9832276368399988	6	0.820512820512820484
1649	60	4	72.1653328450599929	6	0.615384615384615419
1650	53	4	71.8470460614200022	6	0.615384615384615419
1651	72	4	72.127419893199999	6	0.615384615384615419
1653	28	4	74.0366321762400048	6	0.820512820512820484
1654	74	4	71.6853328450600031	6	0.615384615384615419
1655	75	4	74.2235480640800063	6	0.871794871794871806
1656	62	4	71.8291054739599986	6	0.615384615384615419
1657	65	4	73.5426401869199964	6	0.794871794871794823
1659	66	4	72.0873664886599954	6	0.615384615384615419
1660	64	4	71.6334279038800048	6	0.615384615384615419
1661	63	4	71.8603971962599957	6	0.615384615384615419
1662	59	4	76.0471725973199995	6	0.358974358974358976
1664	57	4	71.8203437917200063	6	0.615384615384615419
1728	71	4	128.364754098360009	12	0.675000000000000044
1729	52	4	\N	12	0.174999999999999989
1730	56	4	127.441171562080001	12	0.625
1731	51	4	128.122079439260006	12	0.675000000000000044
1733	60	4	127.791999511720007	12	0.650000000000000022
1734	53	4	128.322346461939986	12	0.675000000000000044
1735	72	4	127.961865821100005	12	0.650000000000000022
1736	73	4	129.991238317760008	12	0.775000000000000022
1737	28	4	130.485230307080002	12	0.775000000000000022
1770	71	1	89.315573770499995	8	0.925000000000000044
1771	52	1	89.3904372496599962	8	0.925000000000000044
1773	51	1	89.4037883845199985	8	0.925000000000000044
1774	55	1	89.3904372496599962	8	0.925000000000000044
1775	60	1	90.3519995117199954	8	0.925000000000000044
1776	53	1	89.2035213618199947	8	0.925000000000000044
1778	73	1	89.59070427236	8	0.925000000000000044
1779	28	1	91.2061915887800012	8	0.925000000000000044
1780	74	1	89.7919995117200074	8	0.925000000000000044
1781	75	1	90.9124666221599966	8	0.925000000000000044
1782	62	1	89.7997329772999962	8	0.925000000000000044
1784	69	1	\N	8	0.0500000000000000028
1785	66	1	89.5239485981399952	8	0.925000000000000044
1786	64	1	89.2836281709000019	8	0.925000000000000044
1787	63	1	89.1634679572800053	8	0.925000000000000044
1788	59	1	89.2380938256199983	8	0.925000000000000044
1790	57	1	89.7642690253599937	8	0.925000000000000044
1840	57	1	107.574682910540005	10	1
1841	53	1	108.215537383179992	10	1
1842	51	1	107.961865821100005	10	1
1844	76	1	108.923147530039998	10	0.949999999999999956
1845	55	1	107.921812416560002	10	1
1846	69	1	109.483895193600006	10	0.75
1847	62	1	106.381842456599998	10	0.925000000000000044
1848	77	1	107.988568090780007	10	1
1850	79	1	106.880423898540002	10	0.949999999999999956
1851	60	1	109.205332845059999	10	0.849999999999999978
1852	20	1	107.144222896160002	10	0.974999999999999978
1853	63	1	106.066004672899993	10	0.875
1854	64	1	106.05265353806	10	0.875
1856	80	1	106.778666178380007	10	0.949999999999999956
1857	66	1	108.295644192259999	10	1
1858	81	1	108.429155540720004	10	1
1859	82	1	108.162132843799995	10	1
1833	76	2	\N	2	0.71698113207547165
1834	77	2	24.7308911882599993	2	0.150943396226415089
1835	78	2	25.3717456608799985	2	0.132075471698113206
1836	79	2	\N	2	0.71698113207547165
1837	80	2	\N	2	0.71698113207547165
1838	81	2	\N	2	0.71698113207547165
1861	57	2	91.6868324432600019	8	0.5
1862	53	2	93.3423731642199925	8	0.400000000000000022
1864	56	2	88.4291555407200036	8	0.474999999999999978
1865	76	2	94.477219626159993	8	0.375
1866	55	2	84.1567923898600014	8	0.100000000000000006
1867	69	2	96.0793558077400007	8	0.325000000000000011
1868	62	2	84.4325767690200024	8	0.100000000000000006
1870	78	2	84.4104639519400024	8	0.100000000000000006
1871	79	2	88.2689419225600034	8	0.474999999999999978
1872	60	2	89.0986661783800002	8	0.5
1873	20	2	88.5861454595799955	8	0.474999999999999978
1874	63	2	88.4158044058799959	8	0.474999999999999978
1876	65	2	90.0980473965200019	8	0.525000000000000022
1877	80	2	94.6986661783799946	8	0.349999999999999978
1878	66	2	94.196845794400005	8	0.375
1879	81	2	94.3036548731599993	8	0.375
1881	70	2	88.7362316421800017	8	0.5
1812	57	2	\N	14	0.724999999999999978
1813	53	2	\N	14	0.724999999999999978
1814	51	2	\N	14	0.724999999999999978
1815	56	2	\N	14	0.724999999999999978
1816	76	2	\N	14	0.724999999999999978
1818	69	2	144.944509345799986	14	0.225000000000000006
1819	62	2	\N	14	0.724999999999999978
1821	78	2	\N	14	0.724999999999999978
1822	79	2	\N	14	0.724999999999999978
1823	60	2	\N	14	0.724999999999999978
1824	20	2	\N	14	0.724999999999999978
1825	63	2	\N	14	0.724999999999999978
1827	65	2	\N	14	0.724999999999999978
1828	80	2	\N	14	0.724999999999999978
1829	66	2	\N	14	0.724999999999999978
1830	81	2	\N	14	0.724999999999999978
1831	82	2	143.702853805079997	14	0.25
1832	70	2	\N	14	0.724999999999999978
1750	52	4	82.7949766355200012	8	0.424999999999999989
1751	56	4	96.9204773030800055	8	0.275000000000000022
1752	51	4	\N	8	0.225000000000000006
1754	60	4	96.8053328450600077	8	0.275000000000000022
1755	53	4	82.6614652870400022	8	0.424999999999999989
1756	72	4	97.0673397863799892	8	0.275000000000000022
1757	73	4	\N	8	0.225000000000000006
1758	28	4	85.2248831775799971	8	0.400000000000000022
1760	75	4	84.7976468624799935	8	0.424999999999999989
1761	62	4	82.9105473965200019	8	0.424999999999999989
1762	65	4	83.6895026702199942	8	0.424999999999999989
1763	69	4	84.0900367156200019	8	0.424999999999999989
1764	66	4	\N	8	0.225000000000000006
1766	63	4	82.4077937249600012	8	0.424999999999999989
1767	59	4	82.9096559083999978	8	0.424999999999999989
1768	27	4	83.6494492656800048	8	0.424999999999999989
1769	57	4	95.0246161548799932	8	0.225000000000000006
1792	53	4	116.760263684920005	10	0.849999999999999978
1793	51	4	115.385096795720003	10	0.824999999999999956
1794	56	4	\N	10	0.0500000000000000028
1795	76	4	116.559996662220001	10	0.849999999999999978
1796	55	4	116.653454606140002	10	0.849999999999999978
1797	69	4	\N	10	0.0500000000000000028
1799	77	4	116.186164886520004	10	0.849999999999999978
1800	78	4	115.598714953279995	10	0.849999999999999978
1801	79	4	115.558661548740005	10	0.824999999999999956
1802	60	4	114.991999511719996	10	0.824999999999999956
1804	63	4	115.224883177579997	10	0.824999999999999956
1805	64	4	114.971211615480001	10	0.824999999999999956
1806	65	4	116.720210280380002	10	0.849999999999999978
1807	80	4	114.831999511719999	10	0.824999999999999956
1809	81	4	116.333027369820002	10	0.849999999999999978
1810	82	4	101.486565420559998	10	0.0250000000000000014
1811	70	4	114.904455941259997	10	0.824999999999999956
1739	75	4	\N	12	0.174999999999999989
1740	62	4	127.903871829099998	12	0.650000000000000022
1742	69	4	\N	12	0.174999999999999989
1743	66	4	\N	12	0.174999999999999989
1744	64	4	127.948514686240003	12	0.650000000000000022
1745	63	4	128.041972630179998	12	0.675000000000000044
1746	59	4	131.935023064599989	12	0.349999999999999978
1748	57	4	127.895110146860006	12	0.650000000000000022
1967	56	1	\N	6	0.25
1968	60	1	71.4186668268799991	6	0.333333333333333315
1969	83	1	72.9119995117199977	6	0.27777777777777779
1970	66	1	72.5413050734400002	6	0.27777777777777779
1971	5	1	\N	6	0.25
1973	84	1	73.7562583444599937	6	0.27777777777777779
1974	28	1	66.0526535380599995	6	0.416666666666666685
1975	53	1	68.4825600801000007	6	0.166666666666666657
1976	62	1	64.4325767690200024	6	0.30555555555555558
1977	72	1	63.8230140187000003	6	0.30555555555555558
1979	59	1	64.191364853660005	6	0.30555555555555558
1980	85	1	73.3557242990600002	6	0.27777777777777779
1981	15	1	73.5693424565999976	6	0.27777777777777779
1998	55	1	\N	16	0.857142857142857095
1999	56	1	\N	16	0.857142857142857095
2000	60	1	\N	16	0.857142857142857095
2002	66	1	\N	16	0.857142857142857095
2003	5	1	\N	16	0.857142857142857095
2004	51	1	\N	16	0.857142857142857095
2006	28	1	\N	16	0.857142857142857095
2007	53	1	\N	16	0.857142857142857095
2008	62	1	\N	16	0.857142857142857095
2010	77	1	\N	16	0.857142857142857095
2011	59	1	\N	16	0.857142857142857095
2013	15	1	162.781625500659999	16	0
1924	57	1	\N	18	0.225000000000000006
1925	53	1	\N	18	0.225000000000000006
1926	51	1	\N	18	0.225000000000000006
1887	55	1	5.7856308411199997	0	0.925000000000000044
1888	69	1	\N	0	0
1889	62	1	5.10013351133999926	0	0.900000000000000022
1890	77	1	4.33035714285999962	0	0.849999999999999978
1891	78	1	6.5199432576799996	0	0.925000000000000044
1893	60	1	6.19199951171999974	0	0.925000000000000044
1894	20	1	4.42059138748000002	0	0.849999999999999978
1895	63	1	6.22621829105999947	0	0.925000000000000044
1896	64	1	5.97254672898000027	0	0.925000000000000044
1897	65	1	6.76026368491999907	0	0.925000000000000044
1899	66	1	6.07935580773999984	0	0.925000000000000044
1900	81	1	6.7202102803799999	0	0.925000000000000044
1901	82	1	17.6948431241600019	0	0.0250000000000000014
1902	70	1	6.22621829105999947	0	0.925000000000000044
1927	56	1	195.158127503340012	18	0.75
1929	55	1	193.582693591460014	18	0.75
1930	69	1	195.358394526040001	18	0.75
1931	62	1	194.232309746319999	18	0.75
1932	77	1	195.465203604799996	18	0.75
1933	78	1	193.969876502000005	18	0.75
1934	79	1	\N	18	0.225000000000000006
1936	20	1	194.887881107099986	18	0.75
1937	63	1	194.610730974640006	18	0.75
1938	64	1	194.196845794399991	18	0.75
1939	65	1	\N	18	0.225000000000000006
1941	66	1	\N	18	0.225000000000000006
1942	81	1	195.131425233640016	18	0.75
1943	82	1	195.345043391180013	18	0.75
1944	70	1	194.317006008020002	18	0.75
2015	56	3	\N	0	0.111111111111111105
2016	60	3	2.43200016021999987	0	0.22222222222222221
2017	83	3	7.1519995117199997	0	0.5
2018	66	3	7.06733978637999982	0	0.5
2019	5	3	6.96533284505999895	0	0.5
2021	84	3	2.46119826435999967	0	0.22222222222222221
2022	28	3	8.96320093457999967	0	0.47222222222222221
2023	53	3	7.28095794391999984	0	0.47222222222222221
2024	62	3	6.83578104138000064	0	0.5
2026	77	3	7.77494993323999939	0	0.47222222222222221
2027	59	3	1.94837419945399981	0	0.22222222222222221
2028	85	3	\N	0	0.111111111111111105
1982	55	3	88.9632009345800014	8	0.69444444444444442
1983	56	3	89.0433077436599945	8	0.69444444444444442
1985	83	3	88.3519995117199954	8	0.69444444444444442
1986	66	3	88.9632009345800014	8	0.69444444444444442
1987	5	3	97.3919995117200017	8	0.194444444444444448
1988	51	3	88.9498497997400079	8	0.69444444444444442
1989	84	3	\N	8	0.0277777777777777762
1991	53	3	88.9097963952000043	8	0.69444444444444442
1992	62	3	88.1975967957200027	8	0.69444444444444442
1993	72	3	88.6828271028000046	8	0.69444444444444442
1994	77	3	89.7242156208200043	8	0.72222222222222221
1996	85	3	88.8163384512599947	8	0.69444444444444442
1997	15	3	97.6280874499399971	8	0.194444444444444448
1945	57	3	\N	12	0.0500000000000000028
1946	53	3	127.815003337779999	12	0.599999999999999978
1947	51	3	128.041972630179998	12	0.599999999999999978
1949	76	3	137.25425567424	12	0.299999999999999989
1950	55	3	138.202186248340013	12	0.299999999999999989
1951	69	3	\N	12	0.0500000000000000028
1952	62	3	127.316421895860003	12	0.599999999999999978
1953	77	3	128.469208945259993	12	0.599999999999999978
1955	79	3	136.920477303079991	12	0.299999999999999989
1956	60	3	128.245332845060005	12	0.599999999999999978
1957	20	3	127.971993256640005	12	0.599999999999999978
1958	63	3	127.828354472640001	12	0.599999999999999978
1960	65	3	137.815003337780013	12	0.299999999999999989
1961	80	3	\N	12	0.0500000000000000028
1962	66	3	128.001919225639995	12	0.599999999999999978
1963	81	3	136.546645527359999	12	0.299999999999999989
1964	82	3	127.654789719619998	12	0.599999999999999978
1903	57	3	174.036632176240005	16	0.325000000000000011
1904	53	3	\N	16	0.400000000000000022
1905	51	3	\N	16	0.400000000000000022
1906	56	3	164.904455941260011	16	0.174999999999999989
1907	76	3	\N	16	0.400000000000000022
1908	55	3	\N	16	0.400000000000000022
1910	62	3	174.632843791720006	16	0.349999999999999978
1911	77	3	\N	16	0.400000000000000022
1912	78	3	173.943174232300009	16	0.325000000000000011
1913	79	3	\N	16	0.400000000000000022
1914	60	3	\N	16	0.400000000000000022
1916	63	3	163.74290720962	16	0.174999999999999989
1917	64	3	161.593374499331986	16	0.0749999999999999972
1918	65	3	176.34637850467999	16	0.349999999999999978
1919	80	3	\N	16	0.400000000000000022
1921	81	3	\N	16	0.400000000000000022
1922	82	3	173.849716288379994	16	0.325000000000000011
1923	70	3	\N	16	0.400000000000000022
1884	51	1	6.09270694260000045	0	0.925000000000000044
2110	86	2	\N	1	0.933333333333333348
2111	55	2	\N	1	0.933333333333333348
2112	56	2	\N	1	0.933333333333333348
2113	87	2	\N	1	0.933333333333333348
2115	62	2	\N	1	0.933333333333333348
2116	60	2	\N	1	0.933333333333333348
2117	69	2	\N	1	0.933333333333333348
2118	51	2	\N	1	0.933333333333333348
2120	57	2	\N	1	0.933333333333333348
2121	27	2	\N	1	0.933333333333333348
2123	67	2	\N	1	0.933333333333333348
2124	90	2	\N	1	0.933333333333333348
2125	64	2	\N	1	0.933333333333333348
2126	80	2	\N	1	0.933333333333333348
2127	65	2	\N	1	0.933333333333333348
2128	66	2	\N	1	0.933333333333333348
2130	63	2	12.6214118825200003	1	0.0444444444444444461
2131	91	2	\N	1	0.933333333333333348
2132	10	2	\N	1	0.933333333333333348
2062	55	2	50.5119325767600031	4	0.5
2063	56	2	\N	4	0.0833333333333333287
2065	83	2	45.1253328450600009	4	0.361111111111111105
2066	66	2	50.6187416555399992	4	0.5
2067	5	2	45.4453328450600011	4	0.361111111111111105
2068	51	2	45.1848297730400006	4	0.361111111111111105
2069	84	2	51.2195427236400036	4	0.5
2071	53	2	45.1180740988000011	4	0.361111111111111105
2072	62	2	50.7610146862400029	4	0.5
2073	72	2	45.6921728972000025	4	0.361111111111111105
2074	77	2	49.8577269693000034	4	0.52777777777777779
2076	85	2	45.8256842456599998	4	0.361111111111111105
2077	15	2	50.8724132176200001	4	0.5
2097	83	1	52.3786661783800014	4	0.371428571428571441
2098	66	1	52.247580106800001	4	0.371428571428571441
2099	5	1	52.7253328450600023	4	0.371428571428571441
2100	51	1	43.8764185580799975	4	0.34285714285714286
2101	84	1	\N	4	0.200000000000000011
2103	53	1	43.1955106809	4	0.314285714285714279
2104	62	1	43.8184245660799974	4	0.34285714285714286
2105	72	1	51.4064586114800051	4	0.371428571428571441
2106	77	1	52.3944425901200006	4	0.371428571428571441
2108	85	1	\N	4	0.200000000000000011
2109	15	1	\N	4	0.200000000000000011
2181	86	2	\N	7	1
2182	55	2	\N	7	1
2183	56	2	\N	7	1
2184	87	2	\N	7	1
2186	62	2	\N	7	1
2029	15	3	1.79364152203000016	0	0.22222222222222221
2079	56	3	\N	4	0.25
2080	60	3	48.6453334935600026	4	0.72222222222222221
2081	83	3	\N	4	0.25
2082	66	3	48.8296895861199971	4	0.72222222222222221
2083	5	3	\N	4	0.25
2085	84	3	\N	4	0.25
2086	28	3	50.9925734312400039	4	0.63888888888888884
2087	53	3	48.9364986648799984	4	0.72222222222222221
2088	62	3	49.3991989319000027	4	0.72222222222222221
2089	72	3	48.7896361815800006	4	0.72222222222222221
2091	59	3	48.38362119544	4	0.72222222222222221
2092	85	3	48.8964452603400019	4	0.72222222222222221
2093	15	3	\N	4	0.25
2157	86	3	\N	5	0.822222222222222188
2158	55	3	\N	5	0.822222222222222188
2159	56	3	\N	5	0.822222222222222188
2161	88	3	\N	5	0.822222222222222188
2162	62	3	\N	5	0.822222222222222188
2163	60	3	\N	5	0.822222222222222188
2165	51	3	\N	5	0.822222222222222188
2166	53	3	\N	5	0.822222222222222188
2168	27	3	60.0312917222999971	5	0.133333333333333331
2169	89	3	60.7488109145599964	5	0.133333333333333331
2170	67	3	\N	5	0.822222222222222188
2171	90	3	\N	5	0.822222222222222188
2172	64	3	\N	5	0.822222222222222188
2173	80	3	\N	5	0.822222222222222188
2175	66	3	\N	5	0.822222222222222188
2176	59	3	\N	5	0.822222222222222188
2177	63	3	56.2529205607400016	5	0.0666666666666666657
2178	91	3	\N	5	0.822222222222222188
2179	10	3	\N	5	0.822222222222222188
2030	55	4	44.1567923898600014	4	0.685714285714285721
2031	56	4	\N	4	0.0857142857142857151
2033	83	4	46.2986661783800031	4	0.771428571428571463
2034	66	4	44.0499833110799983	4	0.685714285714285721
2035	5	4	45.231999511719998	4	0.771428571428571463
2036	51	4	44.3303571428600023	4	0.685714285714285721
2038	28	4	45.9725467289799994	4	0.771428571428571463
2039	53	4	44.0499833110799983	4	0.685714285714285721
2040	62	4	58.6114819759600039	4	0.0285714285714285705
2041	72	4	44.3036548731599993	4	0.685714285714285721
2042	77	4	46.4665387183000007	4	0.771428571428571463
2044	85	4	44.3570594125599982	4	0.685714285714285721
2045	15	4	48.0953771695600025	4	0.400000000000000022
2134	86	4	\N	9	1
2135	55	4	\N	9	1
2136	56	4	\N	9	1
2137	87	4	\N	9	1
2139	62	4	\N	9	1
2140	60	4	\N	9	1
2141	69	4	\N	9	1
2143	53	4	\N	9	1
2144	57	4	\N	9	1
2145	27	4	\N	9	1
2146	89	4	\N	9	1
2148	90	4	\N	9	1
2149	64	4	\N	9	1
2150	80	4	\N	9	1
2152	66	4	\N	9	1
2153	59	4	\N	9	1
2154	63	4	\N	9	1
2156	92	4	\N	9	1
2046	55	4	143.088701602139992	14	0.30555555555555558
2047	56	4	\N	14	0.166666666666666657
2049	83	4	153.818666178379999	14	0.25
2050	66	4	154.009929906540009	14	0.25
2051	5	4	150.031999511719988	14	0.194444444444444448
2052	51	4	145.558661548739991	14	0.30555555555555558
2054	28	4	144.530624165559999	14	0.333333333333333315
2055	53	4	\N	14	0.166666666666666657
2056	62	4	145.367156208279994	14	0.30555555555555558
2057	72	4	152.287633511340005	14	0.333333333333333315
2058	77	4	144.730891188259989	14	0.333333333333333315
2060	85	4	153.515937917220015	14	0.30555555555555558
2061	15	4	145.425150200259992	14	0.30555555555555558
2095	56	1	\N	4	0.200000000000000011
2278	55	1	\N	7	0.955555555555555602
2280	87	1	\N	7	0.955555555555555602
2281	88	1	\N	7	0.955555555555555602
2282	62	1	\N	7	0.955555555555555602
2283	60	1	\N	7	0.955555555555555602
2285	51	1	\N	7	0.955555555555555602
2286	53	1	\N	7	0.955555555555555602
2287	57	1	\N	7	0.955555555555555602
2289	89	1	\N	7	0.955555555555555602
2290	67	1	\N	7	0.955555555555555602
2291	90	1	\N	7	0.955555555555555602
2293	80	1	\N	7	0.955555555555555602
2294	65	1	\N	7	0.955555555555555602
2295	66	1	\N	7	0.955555555555555602
2296	59	1	\N	7	0.955555555555555602
2298	91	1	\N	7	0.955555555555555602
2299	10	1	\N	7	0.955555555555555602
2253	86	1	\N	9	0.977777777777777746
2254	55	1	\N	9	0.977777777777777746
2255	56	1	\N	9	0.977777777777777746
2256	87	1	\N	9	0.977777777777777746
2257	88	1	\N	9	0.977777777777777746
2258	62	1	\N	9	0.977777777777777746
2260	69	1	\N	9	0.977777777777777746
2261	51	1	\N	9	0.977777777777777746
2262	53	1	\N	9	0.977777777777777746
2264	27	1	\N	9	0.977777777777777746
2265	89	1	\N	9	0.977777777777777746
2266	67	1	\N	9	0.977777777777777746
2268	64	1	\N	9	0.977777777777777746
2269	80	1	\N	9	0.977777777777777746
2270	65	1	\N	9	0.977777777777777746
2271	66	1	\N	9	0.977777777777777746
2273	63	1	95.1314252336400017	9	0
2274	91	1	\N	9	0.977777777777777746
2275	10	1	\N	9	0.977777777777777746
2344	56	1	\N	15	1
2345	51	1	\N	15	1
2346	93	1	\N	15	1
2348	5	1	\N	15	1
2349	66	1	\N	15	1
2350	94	1	\N	15	1
2351	8	1	\N	15	1
2353	59	1	\N	15	1
2354	55	1	\N	15	1
2355	70	1	\N	15	1
2357	64	1	\N	15	1
2358	57	1	\N	15	1
2359	27	1	\N	15	1
2361	32	1	\N	15	1
2362	95	1	\N	15	1
2301	86	1	\N	19	0.863636363636363646
2302	55	1	\N	19	0.863636363636363646
2304	87	1	\N	19	0.863636363636363646
2305	88	1	\N	19	0.863636363636363646
2306	62	1	\N	19	0.863636363636363646
2307	60	1	\N	19	0.863636363636363646
2309	51	1	\N	19	0.863636363636363646
2310	53	1	\N	19	0.863636363636363646
2311	57	1	\N	19	0.863636363636363646
2312	27	1	\N	19	0.863636363636363646
2314	67	1	201.92213114754	19	0.113636363636363633
2315	90	1	\N	19	0.863636363636363646
2316	64	1	\N	19	0.863636363636363646
2318	65	1	\N	19	0.863636363636363646
2319	66	1	\N	19	0.863636363636363646
2321	63	1	\N	19	0.863636363636363646
2322	91	1	\N	19	0.863636363636363646
2323	10	1	\N	19	0.863636363636363646
2324	92	1	\N	19	0.863636363636363646
2187	60	2	\N	7	1
2188	69	2	\N	7	1
2190	53	2	\N	7	1
2191	57	2	\N	7	1
2192	27	2	\N	7	1
2194	67	2	\N	7	1
2195	90	2	\N	7	1
2196	64	2	\N	7	1
2197	80	2	\N	7	1
2199	66	2	\N	7	1
2200	59	2	\N	7	1
2201	63	2	\N	7	1
2203	10	2	\N	7	1
2204	92	2	\N	7	1
2205	86	2	\N	9	0.977777777777777746
2207	56	2	\N	9	0.977777777777777746
2208	87	2	\N	9	0.977777777777777746
2209	88	2	\N	9	0.977777777777777746
2210	62	2	\N	9	0.977777777777777746
2212	69	2	\N	9	0.977777777777777746
2213	51	2	\N	9	0.977777777777777746
2214	53	2	\N	9	0.977777777777777746
2216	27	2	\N	9	0.977777777777777746
2217	89	2	\N	9	0.977777777777777746
2218	67	2	\N	9	0.977777777777777746
2220	64	2	\N	9	0.977777777777777746
2221	80	2	\N	9	0.977777777777777746
2222	65	2	\N	9	0.977777777777777746
2223	66	2	\N	9	0.977777777777777746
2225	63	2	\N	9	0.977777777777777746
2226	91	2	\N	9	0.977777777777777746
2227	10	2	\N	9	0.977777777777777746
2363	56	3	\N	15	1
2364	51	3	\N	15	1
2365	93	3	\N	15	1
2367	5	3	\N	15	1
2368	66	3	\N	15	1
2369	94	3	\N	15	1
2422	93	1	\N	17	0.921568627450980338
2423	62	1	\N	17	0.921568627450980338
2424	5	1	\N	17	0.921568627450980338
2426	94	1	\N	17	0.921568627450980338
2427	8	1	183.384615384619991	17	0.0392156862745098034
2428	53	1	\N	17	0.921568627450980338
2430	55	1	\N	17	0.921568627450980338
2431	70	1	\N	17	0.921568627450980338
2432	60	1	\N	17	0.921568627450980338
2434	57	1	\N	17	0.921568627450980338
2435	27	1	\N	17	0.921568627450980338
2436	16	1	\N	17	0.921568627450980338
2437	32	1	\N	17	0.921568627450980338
2438	95	1	\N	17	0.921568627450980338
2498	15	2	\N	3	0.949999999999999956
2499	90	2	\N	3	0.949999999999999956
2500	56	2	\N	3	0.949999999999999956
2501	28	2	\N	3	0.949999999999999956
2502	89	2	\N	3	0.949999999999999956
2504	62	2	\N	3	0.949999999999999956
2505	55	2	40.3784212282999988	3	0.0250000000000000014
2506	64	2	\N	3	0.949999999999999956
2508	66	2	\N	3	0.949999999999999956
2509	53	2	\N	3	0.949999999999999956
2510	82	2	\N	3	0.949999999999999956
2511	97	2	\N	3	0.949999999999999956
2513	57	2	\N	3	0.949999999999999956
2514	60	2	\N	3	0.949999999999999956
2515	59	2	\N	3	0.949999999999999956
2537	51	2	\N	11	0.948717948717948678
2538	15	2	\N	11	0.948717948717948678
2539	90	2	\N	11	0.948717948717948678
2541	28	2	\N	11	0.948717948717948678
2542	89	2	\N	11	0.948717948717948678
2543	65	2	\N	11	0.948717948717948678
2544	62	2	\N	11	0.948717948717948678
2546	64	2	\N	11	0.948717948717948678
2547	96	2	116.493240987980002	11	0
2548	66	2	\N	11	0.948717948717948678
2550	82	2	\N	11	0.948717948717948678
2551	97	2	\N	11	0.948717948717948678
2439	56	3	\N	9	1
2441	93	3	\N	9	1
2442	62	3	\N	9	1
2443	5	3	\N	9	1
2444	66	3	\N	9	1
2446	8	3	\N	9	1
2447	53	3	\N	9	1
2448	59	3	\N	9	1
2450	70	3	\N	9	1
2451	60	3	\N	9	1
2452	64	3	\N	9	1
2454	27	3	\N	9	1
2455	16	3	\N	9	1
2456	32	3	\N	9	1
2457	95	3	\N	9	1
2371	53	3	\N	15	1
2372	59	3	\N	15	1
2373	55	3	\N	15	1
2375	60	3	\N	15	1
2376	64	3	\N	15	1
2377	57	3	\N	15	1
2379	16	3	\N	15	1
2380	32	3	\N	15	1
2381	95	3	\N	15	1
2477	51	4	\N	3	0.974999999999999978
2479	90	4	\N	3	0.974999999999999978
2480	56	4	\N	3	0.974999999999999978
2481	28	4	\N	3	0.974999999999999978
2483	65	4	\N	3	0.974999999999999978
2484	62	4	\N	3	0.974999999999999978
2485	55	4	\N	3	0.974999999999999978
2486	64	4	\N	3	0.974999999999999978
2487	96	4	\N	3	0.974999999999999978
2489	53	4	\N	3	0.974999999999999978
2490	82	4	\N	3	0.974999999999999978
2491	97	4	\N	3	0.974999999999999978
2493	57	4	\N	3	0.974999999999999978
2494	60	4	\N	3	0.974999999999999978
2495	59	4	\N	3	0.974999999999999978
2458	56	4	\N	5	0.947368421052631526
2459	51	4	\N	5	0.947368421052631526
2460	93	4	\N	5	0.947368421052631526
2461	62	4	\N	5	0.947368421052631526
2463	66	4	\N	5	0.947368421052631526
2464	94	4	\N	5	0.947368421052631526
2465	8	4	\N	5	0.947368421052631526
2467	59	4	\N	5	0.947368421052631526
2468	55	4	\N	5	0.947368421052631526
2469	70	4	\N	5	0.947368421052631526
2471	64	4	\N	5	0.947368421052631526
2472	57	4	\N	5	0.947368421052631526
2473	27	4	\N	5	0.947368421052631526
2474	16	4	\N	5	0.947368421052631526
2476	95	4	\N	5	0.947368421052631526
2517	51	4	\N	7	1
2518	15	4	\N	7	1
2520	56	4	\N	7	1
2521	28	4	\N	7	1
2522	89	4	\N	7	1
2524	62	4	\N	7	1
2525	55	4	\N	7	1
2526	64	4	\N	7	1
2527	96	4	\N	7	1
2529	53	4	\N	7	1
2530	82	4	\N	7	1
2531	97	4	\N	7	1
2533	57	4	\N	7	1
2534	60	4	\N	7	1
2708	100	1	\N	13	0.974999999999999978
2709	69	1	\N	13	0.974999999999999978
2710	27	1	\N	13	0.974999999999999978
2711	51	1	\N	13	0.974999999999999978
2713	15	1	\N	13	0.974999999999999978
2714	60	1	\N	13	0.974999999999999978
2715	66	1	\N	13	0.974999999999999978
2717	89	1	\N	13	0.974999999999999978
2718	55	1	\N	13	0.974999999999999978
2719	101	1	\N	13	0.974999999999999978
2721	57	1	\N	13	0.974999999999999978
2722	59	1	\N	13	0.974999999999999978
2723	72	1	\N	13	0.974999999999999978
2724	94	1	\N	13	0.974999999999999978
2726	25	1	\N	13	0.974999999999999978
2727	28	1	\N	13	0.974999999999999978
2699	100	1	\N	17	0.921568627450980338
2701	15	1	184.664135514019989	17	0.0392156862745098034
2702	89	1	\N	17	0.921568627450980338
2703	101	1	\N	17	0.921568627450980338
2705	72	1	\N	17	0.921568627450980338
2706	25	1	\N	17	0.921568627450980338
2552	98	2	\N	11	0.948717948717948678
2553	57	2	\N	11	0.948717948717948678
2555	59	2	\N	11	0.948717948717948678
2556	99	2	\N	11	0.948717948717948678
2617	51	2	\N	13	0.974358974358974339
2619	90	2	\N	13	0.974358974358974339
2620	56	2	\N	13	0.974358974358974339
2621	28	2	\N	13	0.974358974358974339
2622	89	2	\N	13	0.974358974358974339
2623	65	2	\N	13	0.974358974358974339
2625	55	2	\N	13	0.974358974358974339
2626	64	2	\N	13	0.974358974358974339
2627	96	2	\N	13	0.974358974358974339
2629	53	2	\N	13	0.974358974358974339
2630	82	2	\N	13	0.974358974358974339
2631	97	2	\N	13	0.974358974358974339
2633	57	2	\N	13	0.974358974358974339
2634	60	2	\N	13	0.974358974358974339
2635	59	2	\N	13	0.974358974358974339
2636	99	2	\N	13	0.974358974358974339
2558	15	3	\N	3	1
2559	90	3	\N	3	1
2560	56	3	\N	3	1
2562	89	3	\N	3	1
2563	65	3	\N	3	1
2564	62	3	\N	3	1
2566	64	3	\N	3	1
2567	96	3	\N	3	1
2568	66	3	\N	3	1
2569	53	3	\N	3	1
2571	97	3	\N	3	1
2572	98	3	\N	3	1
2573	57	3	\N	3	1
2575	59	3	\N	3	1
2576	99	3	\N	3	1
2597	51	3	\N	7	1
2599	90	3	\N	7	1
2600	56	3	\N	7	1
2601	28	3	\N	7	1
2579	90	1	\N	1	1
2581	28	1	\N	1	1
2582	89	1	\N	1	1
2583	65	1	\N	1	1
2584	62	1	\N	1	1
2586	64	1	\N	1	1
2587	96	1	\N	1	1
2588	66	1	\N	1	1
2590	82	1	\N	1	1
2591	97	1	\N	1	1
2592	98	1	\N	1	1
2594	60	1	\N	1	1
2595	59	1	\N	1	1
2596	99	1	\N	1	1
2678	56	1	\N	3	1
2680	69	1	\N	3	1
2681	27	1	\N	3	1
2682	51	1	\N	3	1
2684	15	1	\N	3	1
2685	60	1	\N	3	1
2686	66	1	\N	3	1
2688	89	1	\N	3	1
2689	55	1	\N	3	1
2690	101	1	\N	3	1
2691	102	1	\N	3	1
2693	59	1	\N	3	1
2694	72	1	\N	3	1
2695	94	1	\N	3	1
2697	25	1	\N	3	1
2698	28	1	\N	3	1
2657	56	1	\N	5	0.824999999999999956
2659	69	1	\N	5	0.824999999999999956
2660	27	1	\N	5	0.824999999999999956
2661	51	1	\N	5	0.824999999999999956
2663	15	1	\N	5	0.824999999999999956
2664	60	1	60.4586661783799997	5	0.149999999999999994
2665	66	1	60.1113985313800043	5	0.149999999999999994
2666	16	1	\N	5	0.824999999999999956
2668	55	1	\N	5	0.824999999999999956
2669	101	1	\N	5	0.824999999999999956
2670	102	1	\N	5	0.824999999999999956
2671	57	1	60.1915053404599973	5	0.149999999999999994
2672	59	1	\N	5	0.824999999999999956
2673	72	1	\N	5	0.824999999999999956
2675	53	1	60.1113985313800043	5	0.149999999999999994
2676	25	1	\N	5	0.824999999999999956
2677	28	1	\N	5	0.824999999999999956
1267	17	1	\N	5	0.824999999999999956
1272	19	1	\N	5	0.824999999999999956
2658	100	1	\N	5	0.824999999999999956
2662	62	1	60.6809078771599957	5	0.149999999999999994
2667	89	1	60.1880632510000027	5	0.149999999999999994
2674	94	1	\N	5	0.824999999999999956
527	1	1	64.6641355140200034	6	0.30555555555555558
532	13	1	74.530624165559999	6	0.25
538	16	1	\N	6	0.25
541	19	1	64.530624165559999	6	0.30555555555555558
1966	55	1	64.6641355140200034	6	0.30555555555555558
1972	51	1	68.3356975968000029	6	0.166666666666666657
1978	77	1	65.6387683578199983	6	0.388888888888888895
866	4	1	\N	7	0.955555555555555602
867	1	1	\N	7	0.955555555555555602
871	13	1	\N	7	0.955555555555555602
875	24	1	82.300984646200007	7	0
881	39	1	\N	7	0.955555555555555602
885	37	1	\N	7	0.955555555555555602
2277	86	1	\N	7	0.955555555555555602
2772	69	1	\N	11	1
2813	69	1	\N	1	1
2814	27	1	\N	1	1
2815	101	1	\N	1	1
2816	102	1	\N	1	1
2817	72	1	\N	1	1
2818	94	1	\N	1	1
2819	25	1	\N	1	1
1	1	1	\N	2	0.268292682926829285
2773	27	1	\N	11	1
2774	51	1	\N	11	1
2776	15	1	\N	11	1
2777	60	1	\N	11	1
2778	66	1	\N	11	1
2780	89	1	\N	11	1
2781	55	1	\N	11	1
2782	101	1	\N	11	1
2783	102	1	\N	11	1
2785	59	1	\N	11	1
2786	72	1	\N	11	1
2787	94	1	\N	11	1
2789	25	1	\N	11	1
2790	28	1	\N	11	1
2791	56	2	\N	5	0.974999999999999978
2793	69	2	\N	5	0.974999999999999978
2794	27	2	\N	5	0.974999999999999978
2795	51	2	\N	5	0.974999999999999978
2796	62	2	\N	5	0.974999999999999978
2798	60	2	\N	5	0.974999999999999978
2799	66	2	\N	5	0.974999999999999978
2800	16	2	\N	5	0.974999999999999978
2802	55	2	\N	5	0.974999999999999978
2803	101	2	\N	5	0.974999999999999978
2804	102	2	\N	5	0.974999999999999978
2806	59	2	\N	5	0.974999999999999978
2807	72	2	\N	5	0.974999999999999978
2809	53	2	\N	5	0.974999999999999978
2810	25	2	\N	5	0.974999999999999978
2811	28	2	\N	5	0.974999999999999978
2749	56	3	\N	1	1
2750	100	3	\N	1	1
2751	69	3	\N	1	1
2753	51	3	\N	1	1
2754	62	3	\N	1	1
2755	15	3	\N	1	1
2756	60	3	\N	1	1
2758	16	3	\N	1	1
2759	89	3	\N	1	1
2760	55	3	\N	1	1
2762	102	3	\N	1	1
2763	57	3	\N	1	1
2764	59	3	\N	1	1
2766	94	3	\N	1	1
2767	53	3	\N	1	1
2768	25	3	\N	1	1
2769	28	3	\N	1	1
2735	60	3	\N	13	0.974999999999999978
2736	66	3	\N	13	0.974999999999999978
2737	16	3	\N	13	0.974999999999999978
2739	55	3	\N	13	0.974999999999999978
2740	101	3	\N	13	0.974999999999999978
2741	102	3	\N	13	0.974999999999999978
2743	59	3	\N	13	0.974999999999999978
2744	72	3	\N	13	0.974999999999999978
2745	94	3	\N	13	0.974999999999999978
2746	53	3	\N	13	0.974999999999999978
2748	28	3	\N	13	0.974999999999999978
446	7	1	5.79999991024000039	0	0.925000000000000044
454	22	1	7.59377249092000017	0	0.849999999999999978
460	15	1	17.9218124165600017	0	0.0250000000000000014
1882	57	1	6.39978304406000031	0	0.925000000000000044
1883	53	1	5.73222630173999992	0	0.925000000000000044
1886	76	1	6.46653871829999982	0	0.925000000000000044
1892	79	1	6.02595126836000006	0	0.925000000000000044
1898	80	1	5.52533284506000033	0	0.925000000000000044
1170	44	1	\N	1	1
1171	4	1	\N	1	1
1176	9	1	\N	1	1
1180	12	1	\N	1	1
1184	16	1	\N	1	1
1189	48	1	\N	1	1
1398	49	1	\N	1	1
1400	6	1	\N	1	1
1404	19	1	\N	1	1
2577	51	1	\N	1	1
2580	56	1	\N	1	1
2585	55	1	\N	1	1
2589	53	1	\N	1	1
2812	100	1	\N	1	1
3	3	1	37.1176470588199976	2	0.146341463414634138
7	7	1	38.8294116749400047	2	0.146341463414634138
14	14	1	30.8991154873199996	2	0.414634146341463394
19	19	1	30.3784212282999988	2	0.414634146341463394
1407	53	1	39.0566588785000022	2	0.146341463414634138
1414	58	1	23.9832276368399988	2	0.0975609756097561009
1418	62	1	30.7877169559399988	2	0.414634146341463394
1425	69	1	\N	2	0.268292682926829285
1275	49	1	\N	3	1
1281	22	1	\N	3	1
1285	14	1	\N	3	1
2679	100	1	\N	3	1
2683	62	1	\N	3	1
2687	16	1	\N	3	1
2692	57	1	\N	3	1
2696	53	1	\N	3	1
692	21	1	51.9538551401799964	4	0.371428571428571441
696	7	1	43.623529321999996	4	0.34285714285714286
702	33	1	52.0072596795800024	4	0.371428571428571441
2094	55	1	43.6494492656799977	4	0.34285714285714286
2096	60	1	43.9520001602200026	4	0.34285714285714286
2102	28	1	46.239569425900001	4	0.314285714285714279
2107	59	1	52.3622593796999993	4	0.371428571428571441
1254	44	1	\N	5	0.824999999999999956
1259	7	1	\N	5	0.824999999999999956
1263	13	1	\N	5	0.824999999999999956
2284	69	1	\N	7	0.955555555555555602
2288	27	1	\N	7	0.955555555555555602
2292	64	1	\N	7	0.955555555555555602
2297	63	1	\N	7	0.955555555555555602
2300	92	1	85.3155737705000092	7	0
340	21	1	89.2836281709000019	8	0.925000000000000044
344	2	1	89.5239485981399952	8	0.925000000000000044
351	3	1	92.0294117647000007	8	0.900000000000000022
1772	56	1	89.4972463284399993	8	0.925000000000000044
1777	72	1	89.3503838451200068	8	0.925000000000000044
1783	65	1	91.2996495327199966	8	0.925000000000000044
1789	27	1	90.1915053404599973	8	0.925000000000000044
846	3	1	\N	9	0.977777777777777746
850	32	1	\N	9	0.977777777777777746
854	5	1	\N	9	0.977777777777777746
859	39	1	\N	9	0.977777777777777746
863	37	1	\N	9	0.977777777777777746
2259	60	1	\N	9	0.977777777777777746
2263	57	1	\N	9	0.977777777777777746
2267	90	1	\N	9	0.977777777777777746
2272	59	1	\N	9	0.977777777777777746
2276	92	1	\N	9	0.977777777777777746
407	4	1	106.880423898540002	10	0.949999999999999956
413	28	1	108.442506675559997	10	1
424	19	1	106.266271695599997	10	0.925000000000000044
1843	56	1	106.506592122840004	10	0.949999999999999956
1849	78	1	107.908461281699999	10	1
1855	65	1	107.214202269699996	10	0.974999999999999978
1860	70	1	105.772279706280003	10	0.849999999999999978
1359	44	1	\N	11	1
1363	4	1	\N	11	1
1367	12	1	\N	11	1
1372	17	1	\N	11	1
1376	20	1	\N	11	1
2770	56	1	\N	11	1
2771	100	1	\N	11	1
2775	62	1	\N	11	1
2779	16	1	\N	11	1
2784	57	1	\N	11	1
2788	53	1	\N	11	1
281	1	1	125.144776368500004	12	0.949999999999999956
287	23	1	124.517273030699997	12	0.925000000000000044
292	25	1	126.506592122840004	12	0.925000000000000044
298	18	1	125.491905874500006	12	0.949999999999999956
1707	71	1	124.987704918039995	12	0.925000000000000044
1710	51	1	125.158127503339998	12	0.949999999999999956
1715	73	1	124.437166221620004	12	0.925000000000000044
1721	69	1	124.971211615480001	12	0.925000000000000044
1727	57	1	124.744242323099996	12	0.925000000000000044
1300	49	1	\N	13	0.974999999999999978
1305	6	1	\N	13	0.974999999999999978
1309	50	1	\N	13	0.974999999999999978
1313	38	1	\N	13	0.974999999999999978
2707	56	1	\N	13	0.974999999999999978
2712	62	1	\N	13	0.974999999999999978
2716	16	1	\N	13	0.974999999999999978
2720	102	1	\N	13	0.974999999999999978
2725	53	1	\N	13	0.974999999999999978
192	3	1	\N	14	0.275000000000000022
196	5	1	151.685332845060003	14	0.149999999999999994
1606	55	1	141.406458611482009	14	0.200000000000000011
1613	75	1	143.142106141520003	14	0.299999999999999989
1619	63	1	141.553321094794001	14	0.200000000000000011
929	1	1	\N	15	1
930	7	1	\N	15	1
934	4	1	\N	15	1
938	3	1	\N	15	1
943	20	1	\N	15	1
947	43	1	\N	15	1
2347	62	1	\N	15	1
2352	53	1	\N	15	1
2356	60	1	\N	15	1
2360	16	1	\N	15	1
569	1	1	\N	16	0.857142857142857095
578	33	1	178.869742990660001	16	0.0571428571428571411
584	20	1	\N	16	0.857142857142857095
2001	83	1	\N	16	0.857142857142857095
2005	84	1	\N	16	0.857142857142857095
2009	72	1	\N	16	0.857142857142857095
2012	85	1	179.016605473959999	16	0.0571428571428571411
1009	28	1	\N	17	0.921568627450980338
1014	9	1	\N	17	0.921568627450980338
1018	34	1	\N	17	0.921568627450980338
1021	20	1	185.822460546359991	17	0.0392156862745098034
1293	44	1	\N	17	0.921568627450980338
1297	38	1	\N	17	0.921568627450980338
2420	56	1	\N	17	0.921568627450980338
2421	51	1	\N	17	0.921568627450980338
2425	66	1	\N	17	0.921568627450980338
2429	59	1	\N	17	0.921568627450980338
2700	69	1	\N	17	0.921568627450980338
2704	102	1	\N	17	0.921568627450980338
489	1	1	\N	18	0.225000000000000006
492	9	1	194.704188918559993	18	0.75
498	12	1	196.519943257679984	18	0.75
503	30	1	194.824349132180004	18	0.75
1928	76	1	194.370410547400013	18	0.75
1935	60	1	195.151999511719993	18	0.75
1940	80	1	194.671999511720003	18	0.75
889	1	1	\N	19	0.863636363636363646
894	32	1	\N	19	0.863636363636363646
897	24	1	204.46386849132	19	0.0681818181818181768
902	39	1	202.020491803280009	19	0.113636363636363633
2303	56	1	199.924482643520008	19	0.0909090909090909116
2308	69	1	\N	19	0.863636363636363646
2313	89	1	\N	19	0.863636363636363646
2317	80	1	\N	19	0.863636363636363646
162	2	2	\N	0	0.21951219512195122
165	5	2	16.9119995117199977	0	0.658536585365853688
172	12	2	18.2288885180199998	0	0.658536585365853688
176	16	2	16.5466455273600026	0	0.658536585365853688
1580	51	2	16.1327603471199978	0	0.634146341463414642
1583	54	2	17.2008511348400006	0	0.658536585365853688
1588	57	2	16.893775033379999	0	0.658536585365853688
1595	64	2	\N	0	0.21951219512195122
1598	67	2	17.1844262294999979	0	0.658536585365853688
1599	68	2	18.2555907877199992	0	0.658536585365853688
713	1	2	\N	1	0.933333333333333348
717	13	2	\N	1	0.933333333333333348
721	24	2	\N	1	0.933333333333333348
726	17	2	\N	1	0.933333333333333348
730	36	2	\N	1	0.933333333333333348
2114	88	2	\N	1	0.933333333333333348
2119	53	2	\N	1	0.933333333333333348
2122	89	2	12.8449390854400001	1	0.0444444444444444461
2129	59	2	\N	1	0.933333333333333348
2133	92	2	\N	1	0.933333333333333348
84	4	2	29.6574599465999995	2	0.0754716981132075443
90	10	2	29.1253328450600009	2	0.0566037735849056617
405	31	2	\N	2	0.71698113207547165
1499	32	2	\N	2	0.71698113207547165
1504	61	2	\N	2	0.71698113207547165
1508	65	2	26.1194092122800008	2	0.132075471698113206
1512	69	2	25.6387683578199983	2	0.132075471698113206
1839	82	2	\N	2	0.71698113207547165
1089	1	2	\N	3	0.949999999999999956
1093	9	2	\N	3	0.949999999999999956
1097	12	2	\N	3	0.949999999999999956
1101	16	2	\N	3	0.949999999999999956
1106	48	2	\N	3	0.949999999999999956
2503	65	2	\N	3	0.949999999999999956
2507	96	2	\N	3	0.949999999999999956
2512	98	2	\N	3	0.949999999999999956
2516	99	2	\N	3	0.949999999999999956
650	21	2	\N	4	0.0833333333333333287
653	6	2	50.4585280373799989	4	0.5
659	32	2	45.0040983606600022	4	0.361111111111111105
664	17	2	46.7253328450600023	4	0.416666666666666685
670	37	2	51.1127336448600005	4	0.5
2064	60	2	50.4053334935600006	4	0.5
2070	28	2	46.9872329772999962	4	0.44444444444444442
2075	59	2	50.7601231981199987	4	0.5
1381	2	2	\N	5	0.974999999999999978
1386	22	2	\N	5	0.974999999999999978
1390	14	2	\N	5	0.974999999999999978
1394	30	2	\N	5	0.974999999999999978
2797	15	2	\N	5	0.974999999999999978
2801	89	2	\N	5	0.974999999999999978
2805	57	2	\N	5	0.974999999999999978
2808	94	2	58.6027202937199974	5	0
262	7	2	68.0941175572999953	6	0.849999999999999978
267	23	2	66.6267523364400063	6	0.724999999999999978
272	25	2	68.3223464619400005	6	0.849999999999999978
278	18	2	70.1381008010600056	6	0.574999999999999956
1695	28	2	68.722880507339994	6	0.849999999999999978
1700	69	2	70.3917723631600012	6	0.550000000000000044
1706	57	2	67.5212783711600082	6	0.824999999999999956
784	32	2	\N	7	1
789	19	2	\N	7	1
793	39	2	\N	7	1
797	37	2	\N	7	1
2185	88	2	\N	7	1
2189	51	2	\N	7	1
2193	89	2	\N	7	1
2198	65	2	\N	7	1
2202	91	2	\N	7	1
428	27	2	90.3784212282999988	8	0.574999999999999956
433	28	2	89.8844292389800046	8	0.525000000000000022
441	14	2	89.1634679572800053	8	0.5
1863	51	2	84.6507843791799957	8	0.100000000000000006
1875	64	2	88.4024532710199935	8	0.474999999999999978
1880	82	2	88.2422396528800022	8	0.474999999999999978
802	3	2	\N	9	0.977777777777777746
806	32	2	\N	9	0.977777777777777746
809	24	2	101.686832443260002	9	0
816	30	2	\N	9	0.977777777777777746
820	40	2	\N	9	0.977777777777777746
2206	55	2	\N	9	0.977777777777777746
2211	60	2	\N	9	0.977777777777777746
2215	57	2	\N	9	0.977777777777777746
2219	90	2	\N	9	0.977777777777777746
2224	59	2	\N	9	0.977777777777777746
2228	92	2	\N	9	0.977777777777777746
123	3	2	\N	10	0.853658536585365835
127	7	2	\N	10	0.853658536585365835
131	11	2	\N	10	0.853658536585365835
1541	56	2	\N	10	0.853658536585365835
1546	59	2	108.869742990660001	10	0.121951219512195119
1551	64	2	\N	10	0.853658536585365835
1554	67	2	109.446721311480005	10	0.121951219512195119
1131	1	2	\N	11	0.948717948717948678
1135	9	2	\N	11	0.948717948717948678
1140	13	2	\N	11	0.948717948717948678
1144	17	2	\N	11	0.948717948717948678
1148	18	2	\N	11	0.948717948717948678
2540	56	2	\N	11	0.948717948717948678
2545	55	2	\N	11	0.948717948717948678
2549	53	2	\N	11	0.948717948717948678
2554	60	2	\N	11	0.948717948717948678
21	1	2	\N	12	0.317073170731707321
24	4	2	124.824349132180004	12	0.43902439024390244
30	10	2	127.09866617838	12	0.609756097560975596
1428	52	2	127.307660213619997	12	0.58536585365853655
1432	56	2	128.535964619499993	12	0.560975609756097615
1438	60	2	128.325332845059989	12	0.560975609756097615
1443	65	2	127.481224966620005	12	0.58536585365853655
1216	46	2	\N	13	0.974358974358974339
1220	5	2	\N	13	0.974358974358974339
1224	14	2	\N	13	0.974358974358974339
1229	30	2	\N	13	0.974358974358974339
2618	15	2	149.417139519360006	13	0
2624	62	2	\N	13	0.974358974358974339
2628	66	2	\N	13	0.974358974358974339
2632	98	2	\N	13	0.974358974358974339
381	4	2	141.913801735648008	14	0.125
388	22	2	145.457590915499992	14	0.225000000000000006
394	15	2	145.798981975960004	14	0.225000000000000006
398	19	2	143.596044726299993	14	0.25
1817	55	2	\N	14	0.724999999999999978
1826	64	2	143.409128838459992	14	0.25
594	13	3	8.94984979974000083	0	0.47222222222222221
598	33	3	6.93382843791999992	0	0.5
604	18	3	7.52127837116000109	0	0.47222222222222221
2014	55	3	18.7362316421799981	0	0.111111111111111105
2020	51	3	7.02728638183999976	0	0.5
2025	72	3	7.5079272363199987	0	0.47222222222222221
1339	44	3	\N	1	1
1344	7	3	\N	1	1
1348	13	3	\N	1	1
1352	17	3	\N	1	1
1357	19	3	\N	1	1
2752	27	3	\N	1	1
2757	66	3	\N	1	1
2761	101	3	\N	1	1
2765	72	3	\N	1	1
249	9	3	37.6414385847799977	2	0.550000000000000044
255	5	3	37.4186661783800005	2	0.550000000000000044
1670	60	3	37.6053328450600048	2	0.550000000000000044
1675	74	3	38.2986661783800031	2	0.550000000000000044
1681	64	3	28.4291555407200001	2	0.275000000000000022
1150	4	3	\N	3	1
1154	46	3	\N	3	1
1159	12	3	\N	3	1
1163	16	3	\N	3	1
1167	30	3	\N	3	1
2557	51	3	\N	3	1
2561	28	3	\N	3	1
2565	55	3	\N	3	1
2570	82	3	\N	3	1
673	4	3	48.6961782376599999	4	0.72222222222222221
677	13	3	49.8577269693000034	4	0.72222222222222221
683	16	3	47.9218124165600017	4	0.69444444444444442
689	30	3	49.003254339119998	4	0.72222222222222221
2078	55	3	49.0433077436600016	4	0.72222222222222221
2084	51	3	48.9231475300399978	4	0.72222222222222221
2090	77	3	49.3236815754399984	4	0.72222222222222221
759	28	3	\N	5	0.822222222222222188
769	20	3	61.8185544873799984	5	0.111111111111111105
774	36	3	\N	5	0.822222222222222188
2160	87	3	\N	5	0.822222222222222188
2164	69	3	\N	5	0.822222222222222188
2167	57	3	59.2836281709000019	5	0.133333333333333331
2174	65	3	59.2168724966600024	5	0.155555555555555558
2180	92	3	\N	5	0.822222222222222188
101	1	3	67.6814919893199942	6	0.902439024390243927
107	7	3	67.3882352043600008	6	0.902439024390243927
113	13	3	69.2702770360399995	6	0.902439024390243927
118	18	3	68.0820260347200019	6	0.902439024390243927
1516	53	3	67.8684078771599957	6	0.902439024390243927
1522	57	3	67.6280874499399971	6	0.902439024390243927
1527	62	3	68.9986648865200038	6	0.902439024390243927
1534	69	3	69.1634679572800053	6	0.902439024390243927
1193	1	3	\N	7	1
1197	9	3	\N	7	1
1201	12	3	\N	7	1
1206	47	3	\N	7	1
1211	18	3	\N	7	1
2598	15	3	\N	7	1
2602	89	3	\N	7	1
2603	65	3	\N	7	1
2604	62	3	\N	7	1
2605	55	3	\N	7	1
2606	64	3	\N	7	1
2607	96	3	\N	7	1
2608	66	3	\N	7	1
2609	53	3	\N	7	1
2610	82	3	\N	7	1
2611	97	3	\N	7	1
2613	57	3	\N	7	1
2614	60	3	\N	7	1
2615	59	3	\N	7	1
2616	99	3	\N	7	1
548	1	3	88.9364986648800055	8	0.69444444444444442
553	13	3	90.4451769025399983	8	0.72222222222222221
559	16	3	87.8951101468600058	8	0.66666666666666663
565	30	3	88.7095293725000005	8	0.69444444444444442
1990	28	3	91.0726802403199969	8	0.69444444444444442
1995	59	3	88.6239416226799932	8	0.69444444444444442
1030	6	3	\N	9	1
1034	9	3	\N	9	1
1038	34	3	\N	9	1
1043	30	3	\N	9	1
2440	51	3	\N	9	1
2445	94	3	\N	9	1
2449	55	3	\N	9	1
2453	57	3	\N	9	1
44	4	3	109.443841789060002	10	0.829268292682926789
50	10	3	109.018666178380002	10	0.829268292682926789
55	15	3	109.670811081440007	10	0.829268292682926789
1450	52	3	\N	10	0.146341463414634138
1454	56	3	108.989903204279997	10	0.829268292682926789
1459	59	3	109.110063417899994	10	0.829268292682926789
1232	44	3	\N	11	0.949999999999999956
1233	4	3	\N	11	0.949999999999999956
1234	1	3	\N	11	0.949999999999999956
1235	45	3	\N	11	0.949999999999999956
1236	7	3	\N	11	0.949999999999999956
1237	46	3	\N	11	0.949999999999999956
1238	9	3	\N	11	0.949999999999999956
1239	3	3	\N	11	0.949999999999999956
1240	42	3	\N	11	0.949999999999999956
1241	5	3	\N	11	0.949999999999999956
1242	12	3	\N	11	0.949999999999999956
1243	13	3	\N	11	0.949999999999999956
1244	24	3	\N	11	0.949999999999999956
1245	14	3	\N	11	0.949999999999999956
1246	16	3	\N	11	0.949999999999999956
1247	47	3	123.222212950599996	11	0
1248	17	3	\N	11	0.949999999999999956
1250	30	3	\N	11	0.949999999999999956
1251	48	3	\N	11	0.949999999999999956
1252	18	3	\N	11	0.949999999999999956
2637	51	3	\N	11	0.949999999999999956
2638	15	3	\N	11	0.949999999999999956
2639	90	3	\N	11	0.949999999999999956
2640	56	3	\N	11	0.949999999999999956
2641	28	3	\N	11	0.949999999999999956
2642	89	3	\N	11	0.949999999999999956
2643	65	3	\N	11	0.949999999999999956
2644	62	3	\N	11	0.949999999999999956
2645	55	3	\N	11	0.949999999999999956
2646	64	3	\N	11	0.949999999999999956
2647	96	3	\N	11	0.949999999999999956
2648	66	3	\N	11	0.949999999999999956
2649	53	3	\N	11	0.949999999999999956
2650	82	3	\N	11	0.949999999999999956
2651	97	3	\N	11	0.949999999999999956
2652	98	3	\N	11	0.949999999999999956
2654	60	3	\N	11	0.949999999999999956
2655	59	3	\N	11	0.949999999999999956
2656	99	3	\N	11	0.949999999999999956
508	27	3	129.497246328439985	12	0.599999999999999978
514	22	3	128.822076896800013	12	0.599999999999999978
520	15	3	127.614736315079995	12	0.599999999999999978
525	31	3	136.947179572760007	12	0.299999999999999989
1948	56	3	127.895110146860006	12	0.599999999999999978
1959	64	3	136.733561415220009	12	0.299999999999999989
1965	70	3	136.907126168220003	12	0.299999999999999989
1318	1	3	\N	13	0.974999999999999978
1319	44	3	\N	13	0.974999999999999978
1320	49	3	\N	13	0.974999999999999978
1321	2	3	\N	13	0.974999999999999978
1322	3	3	\N	13	0.974999999999999978
1323	4	3	133.35572429906	13	0
1324	7	3	\N	13	0.974999999999999978
1325	6	3	\N	13	0.974999999999999978
1326	22	3	\N	13	0.974999999999999978
1327	12	3	\N	13	0.974999999999999978
1328	13	3	\N	13	0.974999999999999978
1329	50	3	\N	13	0.974999999999999978
1330	14	3	\N	13	0.974999999999999978
1331	47	3	\N	13	0.974999999999999978
1332	17	3	\N	13	0.974999999999999978
1333	38	3	\N	13	0.974999999999999978
1334	30	3	\N	13	0.974999999999999978
1335	18	3	\N	13	0.974999999999999978
1337	19	3	\N	13	0.974999999999999978
2728	56	3	\N	13	0.974999999999999978
2729	100	3	\N	13	0.974999999999999978
2730	69	3	\N	13	0.974999999999999978
2731	27	3	\N	13	0.974999999999999978
2732	51	3	\N	13	0.974999999999999978
2734	15	3	\N	13	0.974999999999999978
2738	89	3	\N	13	0.974999999999999978
2742	57	3	\N	13	0.974999999999999978
2747	25	3	\N	13	0.974999999999999978
62	2	3	\N	14	0.0975609756097561009
65	5	3	148.805332845060008	14	0.560975609756097615
72	12	3	159.083361148199998	14	0.268292682926829285
77	17	3	148.431999511719994	14	0.560975609756097615
1476	56	3	148.001919225639995	14	0.560975609756097615
1482	60	3	155.84533284506	14	0.268292682926829285
1488	66	3	148.188835113479996	14	0.560975609756097615
949	7	3	\N	15	1
953	4	3	\N	15	1
958	12	3	\N	15	1
962	20	3	\N	15	1
966	43	3	\N	15	1
2366	62	3	\N	15	1
2370	8	3	\N	15	1
2374	70	3	\N	15	1
2378	27	3	\N	15	1
471	6	3	173.689502670220008	16	0.325000000000000011
477	13	3	165.371745660880009	16	0.174999999999999989
482	17	3	162.831999511719999	16	0.174999999999999989
1909	69	3	163.208861815760002	16	0.174999999999999989
1920	66	3	173.87641855807999	16	0.325000000000000011
142	2	4	9.41713951935999916	0	0.878048780487804881
148	8	4	8.76923076924	0	0.829268292682926789
153	13	4	10.7121995994599999	0	0.878048780487804881
157	17	4	9.76533284505999966	0	0.878048780487804881
1558	51	4	9.3236815754400002	0	0.853658536585365835
1564	32	4	9.68416221628000073	0	0.878048780487804881
1570	61	4	9.80432242989999914	0	0.878048780487804881
1575	66	4	9.60405540720000239	0	0.878048780487804881
823	1	4	\N	1	1
827	13	4	\N	1	1
828	32	4	\N	1	1
829	14	4	\N	1	1
830	7	4	\N	1	1
831	24	4	\N	1	1
832	5	4	\N	1	1
833	19	4	\N	1	1
834	38	4	\N	1	1
835	20	4	\N	1	1
836	17	4	\N	1	1
838	30	4	\N	1	1
839	18	4	\N	1	1
840	36	4	\N	1	1
841	37	4	\N	1	1
842	40	4	\N	1	1
843	41	4	\N	1	1
2229	86	4	\N	1	1
2230	55	4	\N	1	1
2231	56	4	\N	1	1
2232	87	4	\N	1	1
2233	88	4	\N	1	1
2234	62	4	\N	1	1
2236	69	4	\N	1	1
2237	51	4	\N	1	1
2238	53	4	\N	1	1
2239	57	4	\N	1	1
2240	27	4	\N	1	1
2241	89	4	\N	1	1
2242	67	4	\N	1	1
2243	90	4	\N	1	1
2244	64	4	\N	1	1
2245	80	4	\N	1	1
2246	65	4	\N	1	1
2247	66	4	\N	1	1
2249	63	4	\N	1	1
2250	91	4	\N	1	1
2251	10	4	\N	1	1
2252	92	4	\N	1	1
203	7	4	24.4764704984800012	2	0.599999999999999978
209	24	4	37.0806909212199969	2	0.174999999999999989
215	26	4	24.9760001627600019	2	0.625
220	20	4	25.6218331759000009	2	0.625
1629	53	4	37.2142022696999959	2	0.174999999999999989
1635	62	4	24.4859813084200013	2	0.599999999999999978
1641	59	4	24.298173932440001	2	0.599999999999999978
1070	7	4	\N	3	0.974999999999999978
1074	42	4	\N	3	0.974999999999999978
1078	24	4	\N	3	0.974999999999999978
1083	20	4	\N	3	0.974999999999999978
2478	15	4	\N	3	0.974999999999999978
2482	89	4	33.9664344125599982	3	0
2488	66	4	\N	3	0.974999999999999978
2492	98	4	\N	3	0.974999999999999978
2496	99	4	\N	3	0.974999999999999978
611	4	4	46.9872329772999962	4	0.685714285714285721
617	32	4	44.4139344262200026	4	0.685714285714285721
623	19	4	46.1861648865200038	4	0.771428571428571463
628	37	4	44.2235480640799992	4	0.685714285714285721
2037	84	4	46.2529205607400016	4	0.771428571428571463
2043	59	4	44.4850898202800025	4	0.685714285714285721
1046	1	4	\N	5	0.947368421052631526
1050	6	4	\N	5	0.947368421052631526
1055	3	4	67.7941176470600055	5	0
1059	13	4	62.020610814420003	5	0
2462	5	4	\N	5	0.947368421052631526
2466	53	4	\N	5	0.947368421052631526
2470	60	4	\N	5	0.947368421052631526
2475	32	4	\N	5	0.947368421052631526
226	22	4	76.5924373774400067	6	0.307692307692307709
231	3	4	73.3529411764800017	6	0.794871794871794823
237	17	4	73.0453328450600026	6	0.692307692307692291
1646	56	4	72.1407710280399925	6	0.615384615384615419
1652	73	4	75.4652036047999957	6	0.461538461538461564
1658	69	4	76.159462616820008	6	0.358974358974358976
1108	44	4	\N	7	1
1109	4	4	\N	7	1
1110	1	4	\N	7	1
1111	45	4	\N	7	1
1112	7	4	\N	7	1
1113	46	4	\N	7	1
1114	9	4	\N	7	1
1115	3	4	\N	7	1
1116	42	4	\N	7	1
1117	5	4	\N	7	1
1118	12	4	\N	7	1
1119	13	4	\N	7	1
1120	24	4	\N	7	1
1121	14	4	\N	7	1
1122	16	4	\N	7	1
1123	47	4	\N	7	1
1124	17	4	\N	7	1
1125	20	4	\N	7	1
1126	30	4	\N	7	1
1127	48	4	\N	7	1
2519	90	4	\N	7	1
2523	65	4	\N	7	1
2528	66	4	\N	7	1
2532	98	4	\N	7	1
324	2	4	95.8790887850399969	8	0.25
331	3	4	\N	8	0.225000000000000006
335	5	4	\N	8	0.225000000000000006
338	18	4	97.8283544726400009	8	0.275000000000000022
1749	71	4	96.1680327868800049	8	0.25
1753	55	4	82.6614652870400022	8	0.424999999999999989
1759	74	4	82.885332845060006	8	0.424999999999999989
1765	64	4	82.6614652870400022	8	0.424999999999999989
734	4	4	\N	9	1
735	1	4	\N	9	1
736	3	4	\N	9	1
737	28	4	\N	9	1
739	13	4	\N	9	1
740	32	4	\N	9	1
741	14	4	\N	9	1
742	7	4	\N	9	1
743	24	4	\N	9	1
744	5	4	\N	9	1
745	19	4	\N	9	1
746	38	4	\N	9	1
747	20	4	\N	9	1
748	17	4	\N	9	1
749	39	4	\N	9	1
750	30	4	\N	9	1
752	36	4	\N	9	1
753	37	4	\N	9	1
754	40	4	\N	9	1
755	41	4	\N	9	1
2138	88	4	\N	9	1
2142	51	4	\N	9	1
2147	67	4	\N	9	1
2151	65	4	\N	9	1
2155	10	4	\N	9	1
369	3	4	114.441176470580004	10	0.824999999999999956
375	14	4	115.465203604799996	10	0.824999999999999956
1791	57	4	116.466538718300001	10	0.849999999999999978
1798	62	4	114.926568758339997	10	0.824999999999999956
1803	20	4	115.635544658499995	10	0.849999999999999978
1808	66	4	115.371745660879995	10	0.824999999999999956
967	1	4	\N	11	1
971	6	4	\N	11	1
976	3	4	\N	11	1
980	14	4	\N	11	1
983	30	4	\N	11	1
984	18	4	\N	11	1
985	43	4	\N	11	1
2382	56	4	\N	11	1
2383	51	4	\N	11	1
2384	93	4	\N	11	1
2385	62	4	\N	11	1
2386	5	4	\N	11	1
2387	66	4	\N	11	1
2389	8	4	\N	11	1
2390	53	4	\N	11	1
2391	59	4	\N	11	1
2392	55	4	\N	11	1
2393	70	4	\N	11	1
2394	60	4	\N	11	1
2395	64	4	\N	11	1
2396	57	4	\N	11	1
2397	27	4	\N	11	1
2398	16	4	\N	11	1
2399	32	4	\N	11	1
2400	95	4	\N	11	1
306	13	4	132.100717623500003	12	0.325000000000000011
313	12	4	\N	12	0.174999999999999989
316	16	4	127.868407877159996	12	0.650000000000000022
1732	55	4	130.298314419219992	12	0.800000000000000044
1738	74	4	130.031999511719988	12	0.775000000000000022
1741	65	4	129.403788384519999	12	0.724999999999999978
1747	27	4	129.497246328439985	12	0.724999999999999978
909	1	4	\N	13	0.894736842105263164
910	7	4	\N	13	0.894736842105263164
911	2	4	136.693508010680006	13	0.0789473684210526272
912	28	4	\N	13	0.894736842105263164
913	6	4	\N	13	0.894736842105263164
914	4	4	\N	13	0.894736842105263164
915	22	4	\N	13	0.894736842105263164
916	42	4	\N	13	0.894736842105263164
917	9	4	\N	13	0.894736842105263164
919	12	4	\N	13	0.894736842105263164
920	17	4	\N	13	0.894736842105263164
921	34	4	\N	13	0.894736842105263164
922	13	4	\N	13	0.894736842105263164
923	14	4	\N	13	0.894736842105263164
924	20	4	138.185611414179988	13	0.0789473684210526272
925	19	4	\N	13	0.894736842105263164
926	30	4	\N	13	0.894736842105263164
928	43	4	\N	13	0.894736842105263164
2325	56	4	\N	13	0.894736842105263164
2326	51	4	\N	13	0.894736842105263164
2327	93	4	\N	13	0.894736842105263164
2328	62	4	\N	13	0.894736842105263164
2329	5	4	\N	13	0.894736842105263164
2330	66	4	\N	13	0.894736842105263164
2331	94	4	\N	13	0.894736842105263164
2332	8	4	\N	13	0.894736842105263164
2333	53	4	\N	13	0.894736842105263164
2334	59	4	\N	13	0.894736842105263164
2335	55	4	\N	13	0.894736842105263164
2336	70	4	\N	13	0.894736842105263164
2337	60	4	\N	13	0.894736842105263164
2338	64	4	\N	13	0.894736842105263164
2339	57	4	\N	13	0.894736842105263164
2341	16	4	\N	13	0.894736842105263164
2342	32	4	\N	13	0.894736842105263164
2343	95	4	\N	13	0.894736842105263164
634	3	4	157.029411764700001	14	0.111111111111111105
641	16	4	150.778955273700007	14	0.25
645	18	4	154.810997997319987	14	0.27777777777777779
2048	60	4	149.285333493559989	14	0.166666666666666657
2053	84	4	153.676151535380001	14	0.30555555555555558
2059	59	4	156.607920260859999	14	0.22222222222222221
986	1	4	\N	15	0.763157894736842146
987	7	4	\N	15	0.763157894736842146
988	2	4	\N	15	0.763157894736842146
989	28	4	162.955190253680001	15	0.184210526315789463
990	6	4	\N	15	0.763157894736842146
991	4	4	\N	15	0.763157894736842146
992	22	4	\N	15	0.763157894736842146
993	42	4	\N	15	0.763157894736842146
994	9	4	\N	15	0.763157894736842146
995	3	4	\N	15	0.763157894736842146
996	12	4	\N	15	0.763157894736842146
998	34	4	\N	15	0.763157894736842146
999	13	4	163.756258344460008	15	0.184210526315789463
1000	14	4	161.486565420559998	15	0.184210526315789463
1001	20	4	\N	15	0.763157894736842146
1002	19	4	161.045977970620015	15	0.184210526315789463
1003	30	4	\N	15	0.763157894736842146
1004	18	4	\N	15	0.763157894736842146
1005	43	4	161.593374499340001	15	0.184210526315789463
2402	51	4	\N	15	0.763157894736842146
2403	93	4	\N	15	0.763157894736842146
1885	56	1	5.94584445927999994	0	0.925000000000000044
449	1	1	6.74691255005999935	0	0.925000000000000044
1172	1	1	\N	1	1
1399	2	1	\N	1	1
2578	15	1	\N	1	1
2593	57	1	\N	1	1
1289	30	1	\N	3	1
707	18	1	44.39711281708	4	0.34285714285714286
2404	62	4	\N	15	0.763157894736842146
2405	5	4	161.445332845059994	15	0.184210526315789463
2406	66	4	\N	15	0.763157894736842146
2407	94	4	166.853721628839992	15	0
2408	8	4	\N	15	0.763157894736842146
2409	53	4	\N	15	0.763157894736842146
2410	59	4	160.792306408540014	15	0.184210526315789463
2411	55	4	\N	15	0.763157894736842146
2412	70	4	\N	15	0.763157894736842146
2413	60	4	\N	15	0.763157894736842146
2414	64	4	\N	15	0.763157894736842146
2415	57	4	\N	15	0.763157894736842146
2416	27	4	\N	15	0.763157894736842146
2417	16	4	\N	15	0.763157894736842146
2418	32	4	\N	15	0.763157894736842146
2419	95	4	\N	15	0.763157894736842146
\.


--
-- Name: annotation_id_seq; Type: SEQUENCE SET; Schema: public; Owner: wangsix
--

SELECT pg_catalog.setval('annotation_id_seq', 2819, true);


--
-- Data for Name: annotator; Type: TABLE DATA; Schema: public; Owner: wangsix
--

COPY annotator (id, crowd_worker_id, status, gender, age, musician, country, music_hour, instrument) FROM stdin;
1	AFDC9A6Z60W2Z	f	male	45	f	USA	4 to 8	\N
2	A31Z5TPD8QKE26	t	male	32	t	USA	4 to 8	Acoustic guitar
3	A1FHS282JP487T	f	male	31	f	USA	1 to 4	\N
4	A20ALQT1HIVSAH	t	female	39	f	USA	more than 8	\N
5	A2ADEPVGNNXNPA	f	female	28	f	USA	more than 8	\N
6	A8LWJ1BQBPPIJ	t	female	58	t	USA	more than 8	violin, guitar, harp, piano, percussion
7	A2RMJNF6IPI42F	t	female	32	f	USA	more than 8	\N
8	A7OVF55GAEQ30	f	male	36	f	IND	less than one hour	\N
9	ACM3TPZKLE7WC	t	female	22	f	USA	more than 8	\N
10	A19LVWX8ZLO6CS	t	male	35	f	USA	4 to 8	N/A
11	A1PLO26EPGN0JR	t	female	36	t	USA	more than 8	Clarinet, saxophone
12	A1D7MG93VY3EHI	f	male	19	t	IND	4 to 8	Keyboard
13	A1CY6ZQHCDDXON	t	male	38	f	USA	1 to 4	\N
14	A18LFH7XW61JO9	t	male	30	t	IND	more than 8	Violin
15	A3B0AB2C9SIHN	t	male	40	f	IND	more than 8	\N
16	A1UO58XAYRMPG1	f	female	50	f	USA	1 to 4	\N
17	A238TPXOPQKZS1	t	male	27	f	USA	more than 8	\N
18	A77K8W55MJEKX	f	female	44	f	USA	4 to 8	\N
19	A27IABVBUZ9X8Z	t	female	52	f	USA	more than 8	\N
20	A258PTOZ3D2TQR	f	male	28	f	IND	4 to 8	\N
21	A20BMZQJS92QY2	t	female	41	f	USA	more than 8	\N
22	A2KJIDCCWX412Q	t	male	34	f	USA	1 to 4	\N
23	A5J0OW727ZCWY	f	female	45	f	USA	more than 8	\N
24	A1D9FOXZ0UT0L2	t	male	31	f	IND	1 to 4	\N
25	A2K94MIAGMDM2W	t	male	30	f	USA	more than 8	\N
26	A3AFOESOUB7CXU	t	male	40	f	USA	more than 8	\N
27	ABBJOZRIPLPW1	t	male	30	f	IND	4 to 8	
28	ARVXIBUCA8WDZ	t	male	30	f	USA	more than 8	
29	AZKU4UJAI1Z9Q	t	male	25	f	USA	1 to 4	\N
30	A2764G633EEBM6	t	female	35	t	GRC	more than 8	Guitar, singer-songwriter, composer, Constance Wolter
31	A13ZNIEXIJ66U1	f	female	33	f	USA	1 to 4	None.
32	APR6H3HAOE9OU	f	male	42	f	USA	1 to 4	N/A
33	AJMWITY1XT7H7	t	female	35	f	USA	4 to 8	\N
34	A3QLDQOE5D0CP	f	female	22	f	ATA	4 to 8	\N
35	A2U7BMG19Q83GE	f	male	39	f	USA	1 to 4	\N
36	A19C4VNUIIRCPD	t	female	29	t	USA	4 to 8	flute and guitar
37	A3GQ6KDIZWCMW6	t	female	41	t	USA	more than 8	Guitar, Banjo, Harmonica
38	A1YUMDDEVLJH75	f	male	29	f	IND	4 to 8	\N
39	A37QSL0PMFJ7TM	f	male	51	f	USA	1 to 4	\N
40	A36YZCJV91T1EX	f	female	37	f	USA	more than 8	\N
41	A3K9D8GTORL5BN	f	female	36	f	USA	more than 8	\N
42	A1CN4UXQNL22OO	f	male	22	f	IND	4 to 8	\N
43	A3L2VS3998R77L	t	female	54	f	USA	1 to 4	\N
44	AQORJW4W8U9YU	f	male	29	f	USA	more than 8	\N
45	A2FIZR8PTTUUSN	t	female	39	f	USA	1 to 4	\N
46	AEN7H01OU26XL	t	female	25	f	USA	more than 8	\N
47	AGWB3ZV4DQI5Z	f	male	25	f	IND	more than 8	\N
48	A3UWM3KJYEL5XU	t	male	32	t	USA	4 to 8	Guitar
49	A1WNHGZ8S46T3C	f	male	54	t	USA	4 to 8	Keyboard
50	A2A0ND7OPABVWX	t	female	27	f	IND	4 to 8	n/a
51	A1U0GNE5ELW5V7	f	male	31	t	USA	1 to 4	Guitar
52	A13BTXTJQIXWTL	f	male	23	f	USA	more than 8	\N
53	A9KPCMO1J1LQF	t	female	41	t	USA	more than 8	guitar/voice, I am a lapsed musician/music nerd tho, it's been several years
54	AR2BJXE0VOYRV	t	female	55	f	USA	4 to 8	\N
55	AVD6HMIO1HLFI	t	male	28	f	USA	more than 8	\N
56	A2R0YYUAWNT7UD	t	male	25	f	USA	1 to 4	\N
57	A1V2H0UF94ATWY	t	male	58	f	USA	4 to 8	\N
58	A1CE2XPYCDRHVZ	t	female	40	f	USA	more than 8	\N
59	A11S7WORCTSQBO	t	female	36	f	USA	1 to 4	Please specinfy...
60	A899L8WYC76AD	f	female	31	f	USA	more than 8	\N
61	A2Y105ODF4S5DF	f	male	22	f	VEN	more than 8	\N
62	A2OO4PG3LBLP5I	f	male	39	f	USA	less than one hour	\N
63	A1Z6F664MYBMVI	f	female	48	f	USA	4 to 8	\N
64	AJD3JOWNVDZD1	f	female	50	f	USA	less than one hour	\N
65	AMA4SXSYNC35I	f	female	58	f	USA	more than 8	Please specify...n/a
66	A94DL4GI8ZBUO	t	male	29	t	USA	1 to 4	Piano
67	A27FN28Y3N5XL3	t	male	42	f	USA	more than 8	\N
68	A30NN3GA7VMMBE	t	male	26	f	IND	1 to 4	\N
69	A3HEFMJ50IMTY6	t	female	31	f	IND	1 to 4	\N
70	A1GBVJDL1PF0YS	f	female	48	f	USA	4 to 8	\N
71	A1WME43UWP64ER	t	male	27	f	USA	more than 8	\N
72	A20VT3EOYFC6HS	t	female	31	f	USA	more than 8	\N
73	A1APM81N6VFTNW	f	female	29	f	VEN	more than 8	N/A
74	A3CYV47MM7OA6M	f	female	42	f	USA	more than 8	\N
75	ABO9F0JD9NN54	f	female	30	f	USA	4 to 8	\N
76	A11YS0T8MV3Q7C	f	male	26	t	USA	4 to 8	Guitar and producer using software
77	AZJEGHE4605S5	t	male	27	f	USA	1 to 4	\N
78	A2VRDE2FHCBMF8	t	male	38	f	USA	1 to 4	N/A...
79	A15A984KE7R40O	t	male	28	t	USA	more than 8	guitar
80	A32QYANWMXW8EL	f	female	34	f	USA	4 to 8	\N
81	A14QSZG9TSDO3Z	t	male	28	t	IND	more than 8	Harmonium, Drums
82	A3K6GRM23GLBDO	t	female	73	t	USA	4 to 8	Piano
83	A29NA4283YJ26D	t	male	34	f	IND	more than 8	\N
84	A266KTWY0HBD2F	t	male	28	f	IND	1 to 4	\N
85	A2VD133723IZR8	f	female	49	f	USA	more than 8	\N
86	AK81F0NOBFJS3	t	male	33	t	USA	more than 8	Guitar, bass guitar
87	A1UL0HQUZQPMSX	t	male	24	f	USA	1 to 4	\N
88	A3QAETE7C7Z4R3	t	male	27	f	USA	1 to 4	\N
89	A23KWI5P9WYEBZ	f	female	38	f	USA	more than 8	\N
90	A2PXJTMWGUE5DC	f	female	58	f	USA	1 to 4	\N
91	APWGAF6657I0X	t	female	31	f	USA	more than 8	\N
92	AUI3R928P63B0	t	male	32	f	IND	1 to 4	\N
93	AK3H5QRAROFGP	t	male	29	f	USA	1 to 4	\N
94	A15XX0WDRG29E7	f	female	42	f	USA	4 to 8	\N
95	A13VIJ7G997ZCY	t	female	32	f	USA	1 to 4	\N
96	A9KSSJXDB6GPE	t	male	32	f	IND	1 to 4	\N
97	A2M6O2Z15SHWDQ	f	female	25	f	USA	1 to 4	\N
98	AH4ZI3C34F5WU	t	male	25	f	USA	1 to 4	\N
99	A4T50ODN6SGNR	t	male	36	f	USA	1 to 4	\N
100	AR95C0P53AFWJ	f	female	50	f	USA	1 to 4	\N
101	A1A6DUWWGNEE4W	t	male	23	f	VEN	4 to 8	\N
102	A29H49SJ6D9PN7	t	male	23	f	IND	more than 8	\N
\.


--
-- Name: annotator_id_seq; Type: SEQUENCE SET; Schema: public; Owner: wangsix
--

SELECT pg_catalog.setval('annotator_id_seq', 102, true);


--
-- Data for Name: song; Type: TABLE DATA; Schema: public; Owner: wangsix
--

COPY song (id, name, dataset, max_idx) FROM stdin;
1	1621	salami	19
2	979	salami	14
3	1054	salami	16
4	1627	salami	15
\.


--
-- Data for Name: song_annotator; Type: TABLE DATA; Schema: public; Owner: wangsix
--

COPY song_annotator (song_id, annotator_id) FROM stdin;
1	1
1	1
1	2
1	2
1	3
1	3
1	4
1	4
1	5
1	5
1	6
1	6
1	7
1	7
1	8
1	8
1	9
1	9
1	10
1	10
1	11
1	11
1	12
1	12
1	13
1	13
1	14
1	14
1	15
1	15
1	16
1	16
1	17
1	17
1	18
1	18
1	19
1	19
1	20
1	20
2	1
2	1
2	2
2	2
2	3
2	3
2	4
2	4
2	5
2	5
2	6
2	6
2	7
2	7
2	8
2	8
2	9
2	9
2	10
2	10
2	11
2	11
2	12
2	12
2	13
2	13
2	14
2	14
2	15
2	15
2	16
2	16
2	17
2	17
2	18
2	18
2	19
2	19
2	20
2	20
3	1
3	1
3	2
3	2
3	3
3	3
3	4
3	4
3	5
3	5
3	6
3	6
3	7
3	7
3	8
3	8
3	9
3	9
3	10
3	10
3	11
3	11
3	12
3	12
3	13
3	13
3	14
3	14
3	15
3	15
3	16
3	16
3	17
3	17
3	18
3	18
3	19
3	19
3	20
3	20
3	1
3	1
3	2
3	2
3	3
3	3
3	4
3	4
3	5
3	5
3	6
3	6
3	7
3	7
3	8
3	8
3	9
3	9
3	10
3	10
3	11
3	11
3	12
3	12
3	13
3	13
3	14
3	14
3	15
3	15
3	16
3	16
3	17
3	17
3	18
3	18
3	19
3	19
3	20
3	20
2	1
2	1
2	2
2	2
2	3
2	3
2	4
2	4
2	5
2	5
2	6
2	6
2	7
2	7
2	8
2	8
2	9
2	9
2	10
2	10
2	11
2	11
2	12
2	12
2	13
2	13
2	14
2	14
2	15
2	15
2	16
2	16
2	17
2	17
2	18
2	18
2	19
2	19
2	20
2	20
3	1
3	1
3	2
3	2
3	3
3	3
3	4
3	4
3	5
3	5
3	6
3	6
3	7
3	7
3	8
3	8
3	9
3	9
3	10
3	10
3	11
3	11
3	12
3	12
3	13
3	13
3	14
3	14
3	15
3	15
3	16
3	16
3	17
3	17
3	18
3	18
3	19
3	19
3	20
3	20
2	1
2	1
2	2
2	2
2	3
2	3
2	4
2	4
2	5
2	5
2	6
2	6
2	7
2	7
2	8
2	8
2	9
2	9
2	10
2	10
2	11
2	11
2	12
2	12
2	13
2	13
2	14
2	14
2	15
2	15
2	16
2	16
2	17
2	17
2	18
2	18
2	19
2	19
2	20
2	20
4	1
4	1
4	2
4	2
4	3
4	3
4	4
4	4
4	5
4	5
4	6
4	6
4	7
4	7
4	8
4	8
4	9
4	9
4	10
4	10
4	11
4	11
4	12
4	12
4	13
4	13
4	14
4	14
4	15
4	15
4	16
4	16
4	17
4	17
4	18
4	18
4	19
4	19
4	20
4	20
2	1
2	1
2	2
2	2
2	3
2	3
2	4
2	4
2	5
2	5
2	6
2	6
2	7
2	7
2	8
2	8
2	9
2	9
2	10
2	10
2	11
2	11
2	12
2	12
2	13
2	13
2	14
2	14
2	15
2	15
2	16
2	16
2	17
2	17
2	18
2	18
2	19
2	19
2	20
2	20
1	21
1	21
1	1
1	1
1	7
1	7
1	4
1	4
1	2
1	2
1	22
1	22
1	13
1	13
1	23
1	23
1	24
1	24
1	9
1	9
1	8
1	8
1	3
1	3
1	25
1	25
1	12
1	12
1	26
1	26
1	5
1	5
1	16
1	16
1	17
1	17
1	18
1	18
1	20
1	20
4	21
4	21
4	1
4	1
4	7
4	7
4	4
4	4
4	2
4	2
4	22
4	22
4	13
4	13
4	23
4	23
4	24
4	24
4	9
4	9
4	8
4	8
4	3
4	3
4	25
4	25
4	12
4	12
4	26
4	26
4	5
4	5
4	16
4	16
4	17
4	17
4	18
4	18
4	20
4	20
4	21
4	21
4	1
4	1
4	7
4	7
4	4
4	4
4	2
4	2
4	22
4	22
4	13
4	13
4	23
4	23
4	9
4	9
4	8
4	8
4	3
4	3
4	25
4	25
4	12
4	12
4	26
4	26
4	5
4	5
4	16
4	16
4	17
4	17
4	18
4	18
4	20
4	20
3	21
3	21
3	1
3	1
3	7
3	7
3	4
3	4
3	2
3	2
3	22
3	22
3	13
3	13
3	23
3	23
3	24
3	24
3	9
3	9
3	8
3	8
3	3
3	3
3	25
3	25
3	12
3	12
3	26
3	26
3	5
3	5
3	16
3	16
3	17
3	17
3	18
3	18
3	20
3	20
2	21
2	21
2	1
2	1
2	7
2	7
2	4
2	4
2	2
2	2
2	22
2	22
2	13
2	13
2	23
2	23
2	24
2	24
2	9
2	9
2	8
2	8
2	3
2	3
2	25
2	25
2	12
2	12
2	26
2	26
2	5
2	5
2	16
2	16
2	17
2	17
2	18
2	18
2	20
2	20
1	21
1	21
1	1
1	1
1	7
1	7
1	4
1	4
1	2
1	2
1	22
1	22
1	13
1	13
1	23
1	23
1	24
1	24
1	9
1	9
1	8
1	8
1	3
1	3
1	25
1	25
1	12
1	12
1	26
1	26
1	5
1	5
1	16
1	16
1	17
1	17
1	18
1	18
1	20
1	20
4	21
4	21
4	1
4	1
4	7
4	7
4	4
4	4
4	2
4	2
4	22
4	22
4	13
4	13
4	23
4	23
4	24
4	24
4	9
4	9
4	8
4	8
4	3
4	3
4	25
4	25
4	12
4	12
4	26
4	26
4	5
4	5
4	16
4	16
4	17
4	17
4	18
4	18
4	20
4	20
4	21
4	21
4	1
4	1
4	7
4	7
4	4
4	4
4	2
4	2
4	22
4	22
4	13
4	13
4	23
4	23
4	24
4	24
4	9
4	9
4	8
4	8
4	3
4	3
4	25
4	25
4	12
4	12
4	26
4	26
4	5
4	5
4	16
4	16
4	17
4	17
4	18
4	18
4	20
4	20
1	21
1	21
1	1
1	1
1	7
1	7
1	4
1	4
1	2
1	2
1	22
1	22
1	13
1	13
1	23
1	23
1	24
1	24
1	9
1	9
1	8
1	8
1	3
1	3
1	25
1	25
1	12
1	12
1	26
1	26
1	5
1	5
1	16
1	16
1	17
1	17
1	18
1	18
1	20
1	20
4	7
4	7
4	4
4	4
4	27
4	27
4	1
4	1
4	2
4	2
4	6
4	6
4	9
4	9
4	28
4	28
4	22
4	22
4	3
4	3
4	5
4	5
4	13
4	13
4	12
4	12
4	29
4	29
4	15
4	15
4	14
4	14
4	17
4	17
4	30
4	30
4	19
4	19
4	31
4	31
2	7
2	7
2	4
2	4
2	27
2	27
2	1
2	1
2	2
2	2
2	6
2	6
2	9
2	9
2	28
2	28
2	22
2	22
2	3
2	3
2	5
2	5
2	13
2	13
2	12
2	12
2	29
2	29
2	15
2	15
2	14
2	14
2	17
2	17
2	30
2	30
2	19
2	19
2	31
2	31
2	7
2	7
2	4
2	4
2	27
2	27
2	1
2	1
2	2
2	2
2	6
2	6
2	9
2	9
2	28
2	28
2	22
2	22
2	3
2	3
2	5
2	5
2	13
2	13
2	12
2	12
2	29
2	29
2	15
2	15
2	14
2	14
2	17
2	17
2	30
2	30
2	19
2	19
2	31
2	31
1	7
1	7
1	4
1	4
1	27
1	27
1	1
1	1
1	2
1	2
1	6
1	6
1	9
1	9
1	28
1	28
1	22
1	22
1	3
1	3
1	5
1	5
1	13
1	13
1	12
1	12
1	29
1	29
1	15
1	15
1	14
1	14
1	17
1	17
1	30
1	30
1	19
1	19
1	31
1	31
2	7
2	7
2	4
2	4
2	27
2	27
2	1
2	1
2	2
2	2
2	6
2	6
2	9
2	9
2	28
2	28
2	22
2	22
2	3
2	3
2	5
2	5
2	13
2	13
2	12
2	12
2	29
2	29
2	15
2	15
2	14
2	14
2	17
2	17
2	30
2	30
2	19
2	19
2	31
2	31
1	7
1	7
1	4
1	4
1	27
1	27
1	1
1	1
1	2
1	2
1	6
1	6
1	9
1	9
1	28
1	28
1	22
1	22
1	3
1	3
1	5
1	5
1	13
1	13
1	12
1	12
1	29
1	29
1	15
1	15
1	14
1	14
1	17
1	17
1	30
1	30
1	19
1	19
1	31
1	31
3	7
3	7
3	4
3	4
3	27
3	27
3	1
3	1
3	2
3	2
3	6
3	6
3	9
3	9
3	28
3	28
3	22
3	22
3	3
3	3
3	5
3	5
3	13
3	13
3	12
3	12
3	29
3	29
3	15
3	15
3	14
3	14
3	17
3	17
3	30
3	30
3	19
3	19
3	31
3	31
1	7
1	7
1	4
1	4
1	27
1	27
1	1
1	1
1	2
1	2
1	6
1	6
1	9
1	9
1	28
1	28
1	22
1	22
1	3
1	3
1	5
1	5
1	13
1	13
1	12
1	12
1	29
1	29
1	15
1	15
1	14
1	14
1	17
1	17
1	30
1	30
1	19
1	19
1	31
1	31
3	7
3	7
3	4
3	4
3	27
3	27
3	1
3	1
3	2
3	2
3	6
3	6
3	9
3	9
3	28
3	28
3	22
3	22
3	3
3	3
3	5
3	5
3	13
3	13
3	12
3	12
3	29
3	29
3	15
3	15
3	14
3	14
3	17
3	17
3	30
3	30
3	19
3	19
3	31
3	31
1	21
1	21
1	1
1	1
1	4
1	4
1	6
1	6
1	7
1	7
1	3
1	3
1	13
1	13
1	14
1	14
1	12
1	12
1	32
1	32
1	33
1	33
1	34
1	34
1	16
1	16
1	35
1	35
1	17
1	17
1	19
1	19
1	18
1	18
1	20
1	20
1	30
1	30
1	36
1	36
1	37
1	37
3	21
3	21
3	1
3	1
3	4
3	4
3	6
3	6
3	7
3	7
3	3
3	3
3	13
3	13
3	14
3	14
3	12
3	12
3	32
3	32
3	33
3	33
3	34
3	34
3	16
3	16
3	35
3	35
3	17
3	17
3	19
3	19
3	18
3	18
3	20
3	20
3	30
3	30
3	36
3	36
3	37
3	37
1	21
1	21
1	1
1	1
1	4
1	4
1	6
1	6
1	7
1	7
1	3
1	3
1	13
1	13
1	14
1	14
1	12
1	12
1	32
1	32
1	33
1	33
1	16
1	16
1	35
1	35
1	17
1	17
1	19
1	19
1	18
1	18
1	20
1	20
1	30
1	30
1	36
1	36
1	37
1	37
3	21
3	21
3	1
3	1
3	4
3	4
3	6
3	6
3	7
3	7
3	3
3	3
3	13
3	13
3	14
3	14
3	12
3	12
3	32
3	32
3	33
3	33
3	34
3	34
3	16
3	16
3	35
3	35
3	17
3	17
3	19
3	19
3	18
3	18
3	20
3	20
3	30
3	30
3	36
3	36
3	37
3	37
4	21
4	21
4	1
4	1
4	4
4	4
4	6
4	6
4	7
4	7
4	3
4	3
4	13
4	13
4	12
4	12
4	32
4	32
4	33
4	33
4	34
4	34
4	16
4	16
4	35
4	35
4	17
4	17
4	19
4	19
4	18
4	18
4	20
4	20
4	30
4	30
4	36
4	36
4	37
4	37
4	21
4	21
4	1
4	1
4	4
4	4
4	6
4	6
4	7
4	7
4	3
4	3
4	13
4	13
4	14
4	14
4	12
4	12
4	32
4	32
4	33
4	33
4	34
4	34
4	16
4	16
4	35
4	35
4	17
4	17
4	19
4	19
4	18
4	18
4	20
4	20
4	30
4	30
4	36
4	36
4	37
4	37
2	21
2	21
2	1
2	1
2	4
2	4
2	6
2	6
2	7
2	7
2	3
2	3
2	13
2	13
2	14
2	14
2	12
2	12
2	32
2	32
2	33
2	33
2	34
2	34
2	16
2	16
2	35
2	35
2	17
2	17
2	19
2	19
2	18
2	18
2	20
2	20
2	30
2	30
2	36
2	36
2	37
2	37
3	21
3	21
3	1
3	1
3	4
3	4
3	6
3	6
3	7
3	7
3	3
3	3
3	13
3	13
3	14
3	14
3	12
3	12
3	32
3	32
3	33
3	33
3	34
3	34
3	16
3	16
3	35
3	35
3	17
3	17
3	19
3	19
3	18
3	18
3	20
3	20
3	30
3	30
3	36
3	36
3	37
3	37
1	21
1	21
1	1
1	1
1	4
1	4
1	6
1	6
1	7
1	7
1	3
1	3
1	13
1	13
1	14
1	14
1	12
1	12
1	32
1	32
1	33
1	33
1	16
1	16
1	35
1	35
1	17
1	17
1	19
1	19
1	18
1	18
1	20
1	20
1	30
1	30
1	36
1	36
1	37
1	37
2	4
2	4
2	1
2	1
2	3
2	3
2	28
2	28
2	6
2	6
2	13
2	13
2	32
2	32
2	14
2	14
2	7
2	7
2	24
2	24
2	5
2	5
2	19
2	19
2	38
2	38
2	20
2	20
2	17
2	17
2	39
2	39
2	30
2	30
2	18
2	18
2	36
2	36
2	37
2	37
2	40
2	40
2	41
2	41
4	4
4	4
4	1
4	1
4	3
4	3
4	28
4	28
4	6
4	6
4	13
4	13
4	32
4	32
4	14
4	14
4	7
4	7
4	24
4	24
4	5
4	5
4	19
4	19
4	38
4	38
4	20
4	20
4	17
4	17
4	39
4	39
4	30
4	30
4	18
4	18
4	36
4	36
4	37
4	37
4	40
4	40
4	41
4	41
3	4
3	4
3	1
3	1
3	3
3	3
3	28
3	28
3	6
3	6
3	13
3	13
3	32
3	32
3	14
3	14
3	7
3	7
3	24
3	24
3	5
3	5
3	19
3	19
3	38
3	38
3	20
3	20
3	17
3	17
3	39
3	39
3	30
3	30
3	18
3	18
3	36
3	36
3	37
3	37
3	40
3	40
3	41
3	41
2	4
2	4
2	1
2	1
2	3
2	3
2	28
2	28
2	6
2	6
2	13
2	13
2	32
2	32
2	14
2	14
2	7
2	7
2	24
2	24
2	5
2	5
2	19
2	19
2	38
2	38
2	20
2	20
2	17
2	17
2	39
2	39
2	30
2	30
2	18
2	18
2	36
2	36
2	37
2	37
2	40
2	40
2	41
2	41
2	4
2	4
2	1
2	1
2	3
2	3
2	28
2	28
2	6
2	6
2	13
2	13
2	32
2	32
2	14
2	14
2	7
2	7
2	24
2	24
2	5
2	5
2	19
2	19
2	38
2	38
2	20
2	20
2	17
2	17
2	39
2	39
2	30
2	30
2	18
2	18
2	36
2	36
2	37
2	37
2	40
2	40
2	41
2	41
4	4
4	4
4	1
4	1
4	3
4	3
4	28
4	28
4	6
4	6
4	13
4	13
4	32
4	32
4	14
4	14
4	7
4	7
4	24
4	24
4	5
4	5
4	19
4	19
4	38
4	38
4	20
4	20
4	17
4	17
4	39
4	39
4	30
4	30
4	18
4	18
4	36
4	36
4	37
4	37
4	40
4	40
4	41
4	41
1	4
1	4
1	1
1	1
1	3
1	3
1	28
1	28
1	6
1	6
1	13
1	13
1	32
1	32
1	14
1	14
1	7
1	7
1	24
1	24
1	5
1	5
1	19
1	19
1	38
1	38
1	20
1	20
1	17
1	17
1	39
1	39
1	30
1	30
1	18
1	18
1	36
1	36
1	37
1	37
1	40
1	40
1	41
1	41
1	4
1	4
1	1
1	1
1	3
1	3
1	28
1	28
1	6
1	6
1	13
1	13
1	32
1	32
1	14
1	14
1	7
1	7
1	24
1	24
1	5
1	5
1	19
1	19
1	38
1	38
1	20
1	20
1	17
1	17
1	39
1	39
1	30
1	30
1	18
1	18
1	36
1	36
1	37
1	37
1	40
1	40
1	41
1	41
1	4
1	4
1	1
1	1
1	3
1	3
1	28
1	28
1	6
1	6
1	13
1	13
1	32
1	32
1	14
1	14
1	7
1	7
1	24
1	24
1	5
1	5
1	38
1	38
1	20
1	20
1	17
1	17
1	39
1	39
1	30
1	30
1	18
1	18
1	36
1	36
1	37
1	37
1	40
1	40
1	41
1	41
4	1
4	1
4	7
4	7
4	2
4	2
4	28
4	28
4	6
4	6
4	4
4	4
4	22
4	22
4	42
4	42
4	9
4	9
4	3
4	3
4	12
4	12
4	17
4	17
4	34
4	34
4	13
4	13
4	14
4	14
4	20
4	20
4	19
4	19
4	30
4	30
4	18
4	18
4	43
4	43
1	1
1	1
1	7
1	7
1	2
1	2
1	28
1	28
1	6
1	6
1	4
1	4
1	22
1	22
1	42
1	42
1	9
1	9
1	3
1	3
1	12
1	12
1	17
1	17
1	13
1	13
1	14
1	14
1	20
1	20
1	19
1	19
1	30
1	30
1	18
1	18
1	43
1	43
3	1
3	1
3	7
3	7
3	2
3	2
3	28
3	28
3	6
3	6
3	4
3	4
3	22
3	22
3	42
3	42
3	9
3	9
3	3
3	3
3	12
3	12
3	17
3	17
3	13
3	13
3	14
3	14
3	20
3	20
3	19
3	19
3	30
3	30
3	18
3	18
3	43
3	43
4	1
4	1
4	7
4	7
4	2
4	2
4	28
4	28
4	6
4	6
4	4
4	4
4	22
4	22
4	42
4	42
4	9
4	9
4	3
4	3
4	12
4	12
4	17
4	17
4	13
4	13
4	14
4	14
4	20
4	20
4	19
4	19
4	30
4	30
4	18
4	18
4	43
4	43
4	1
4	1
4	7
4	7
4	2
4	2
4	28
4	28
4	6
4	6
4	4
4	4
4	22
4	22
4	42
4	42
4	9
4	9
4	3
4	3
4	12
4	12
4	17
4	17
4	34
4	34
4	13
4	13
4	14
4	14
4	20
4	20
4	19
4	19
4	30
4	30
4	18
4	18
4	43
4	43
4	1
4	1
4	7
4	7
4	2
4	2
4	28
4	28
4	6
4	6
4	4
4	4
4	22
4	22
4	42
4	42
4	9
4	9
4	3
4	3
4	12
4	12
4	17
4	17
4	34
4	34
4	13
4	13
4	14
4	14
4	20
4	20
4	19
4	19
4	30
4	30
4	18
4	18
4	43
4	43
1	1
1	1
1	7
1	7
1	2
1	2
1	28
1	28
1	6
1	6
1	4
1	4
1	22
1	22
1	42
1	42
1	9
1	9
1	3
1	3
1	12
1	12
1	17
1	17
1	34
1	34
1	13
1	13
1	14
1	14
1	20
1	20
1	19
1	19
1	30
1	30
1	18
1	18
1	43
1	43
3	1
3	1
3	7
3	7
3	2
3	2
3	28
3	28
3	6
3	6
3	4
3	4
3	22
3	22
3	42
3	42
3	9
3	9
3	3
3	3
3	12
3	12
3	17
3	17
3	34
3	34
3	13
3	13
3	14
3	14
3	20
3	20
3	19
3	19
3	30
3	30
3	18
3	18
3	43
3	43
4	1
4	1
4	7
4	7
4	2
4	2
4	28
4	28
4	6
4	6
4	4
4	4
4	22
4	22
4	42
4	42
4	9
4	9
4	3
4	3
4	12
4	12
4	17
4	17
4	34
4	34
4	13
4	13
4	14
4	14
4	20
4	20
4	19
4	19
4	30
4	30
4	18
4	18
4	43
4	43
4	44
4	44
4	4
4	4
4	1
4	1
4	45
4	45
4	7
4	7
4	46
4	46
4	9
4	9
4	3
4	3
4	42
4	42
4	5
4	5
4	12
4	12
4	13
4	13
4	24
4	24
4	14
4	14
4	16
4	16
4	47
4	47
4	17
4	17
4	20
4	20
4	30
4	30
4	48
4	48
4	18
4	18
2	44
2	44
2	4
2	4
2	1
2	1
2	45
2	45
2	7
2	7
2	46
2	46
2	9
2	9
2	3
2	3
2	42
2	42
2	5
2	5
2	12
2	12
2	13
2	13
2	24
2	24
2	14
2	14
2	16
2	16
2	47
2	47
2	17
2	17
2	20
2	20
2	30
2	30
2	48
2	48
2	18
2	18
4	44
4	44
4	4
4	4
4	1
4	1
4	45
4	45
4	7
4	7
4	46
4	46
4	9
4	9
4	3
4	3
4	42
4	42
4	5
4	5
4	12
4	12
4	13
4	13
4	24
4	24
4	14
4	14
4	16
4	16
4	47
4	47
4	17
4	17
4	20
4	20
4	30
4	30
4	48
4	48
4	18
4	18
2	44
2	44
2	4
2	4
2	1
2	1
2	45
2	45
2	7
2	7
2	46
2	46
2	9
2	9
2	3
2	3
2	42
2	42
2	5
2	5
2	12
2	12
2	13
2	13
2	24
2	24
2	16
2	16
2	47
2	47
2	17
2	17
2	20
2	20
2	30
2	30
2	48
2	48
2	18
2	18
3	44
3	44
3	4
3	4
3	1
3	1
3	45
3	45
3	7
3	7
3	46
3	46
3	9
3	9
3	3
3	3
3	42
3	42
3	5
3	5
3	12
3	12
3	13
3	13
3	24
3	24
3	14
3	14
3	16
3	16
3	47
3	47
3	17
3	17
3	20
3	20
3	30
3	30
3	48
3	48
3	18
3	18
1	44
1	44
1	4
1	4
1	1
1	1
1	45
1	45
1	7
1	7
1	46
1	46
1	9
1	9
1	3
1	3
1	42
1	42
1	5
1	5
1	12
1	12
1	13
1	13
1	24
1	24
1	14
1	14
1	16
1	16
1	47
1	47
1	17
1	17
1	20
1	20
1	30
1	30
1	48
1	48
1	18
1	18
3	44
3	44
3	4
3	4
3	1
3	1
3	45
3	45
3	7
3	7
3	46
3	46
3	9
3	9
3	3
3	3
3	42
3	42
3	5
3	5
3	12
3	12
3	13
3	13
3	24
3	24
3	14
3	14
3	16
3	16
3	47
3	47
3	17
3	17
3	20
3	20
3	30
3	30
3	48
3	48
3	18
3	18
2	4
2	4
2	1
2	1
2	45
2	45
2	7
2	7
2	46
2	46
2	9
2	9
2	3
2	3
2	42
2	42
2	5
2	5
2	12
2	12
2	13
2	13
2	24
2	24
2	14
2	14
2	16
2	16
2	47
2	47
2	17
2	17
2	20
2	20
2	30
2	30
2	48
2	48
2	18
2	18
3	44
3	44
3	4
3	4
3	1
3	1
3	45
3	45
3	7
3	7
3	46
3	46
3	9
3	9
3	3
3	3
3	42
3	42
3	5
3	5
3	12
3	12
3	13
3	13
3	24
3	24
3	14
3	14
3	16
3	16
3	47
3	47
3	17
3	17
3	20
3	20
3	30
3	30
3	48
3	48
3	18
3	18
1	1
1	1
1	44
1	44
1	49
1	49
1	2
1	2
1	3
1	3
1	4
1	4
1	7
1	7
1	6
1	6
1	22
1	22
1	12
1	12
1	13
1	13
1	50
1	50
1	14
1	14
1	47
1	47
1	17
1	17
1	38
1	38
1	30
1	30
1	18
1	18
1	20
1	20
1	19
1	19
1	1
1	1
1	44
1	44
1	49
1	49
1	2
1	2
1	3
1	3
1	4
1	4
1	7
1	7
1	6
1	6
1	22
1	22
1	12
1	12
1	13
1	13
1	50
1	50
1	14
1	14
1	47
1	47
1	17
1	17
1	38
1	38
1	30
1	30
1	18
1	18
1	20
1	20
1	19
1	19
1	1
1	1
1	44
1	44
1	49
1	49
1	2
1	2
1	3
1	3
1	4
1	4
1	7
1	7
1	6
1	6
1	22
1	22
1	12
1	12
1	13
1	13
1	50
1	50
1	14
1	14
1	47
1	47
1	17
1	17
1	38
1	38
1	30
1	30
1	18
1	18
1	20
1	20
1	19
1	19
1	1
1	1
1	44
1	44
1	49
1	49
1	2
1	2
1	3
1	3
1	4
1	4
1	7
1	7
1	6
1	6
1	22
1	22
1	12
1	12
1	13
1	13
1	50
1	50
1	14
1	14
1	47
1	47
1	17
1	17
1	38
1	38
1	30
1	30
1	18
1	18
1	20
1	20
1	19
1	19
3	1
3	1
3	44
3	44
3	49
3	49
3	2
3	2
3	3
3	3
3	4
3	4
3	7
3	7
3	6
3	6
3	22
3	22
3	12
3	12
3	13
3	13
3	50
3	50
3	14
3	14
3	47
3	47
3	17
3	17
3	38
3	38
3	30
3	30
3	18
3	18
3	20
3	20
3	19
3	19
3	1
3	1
3	44
3	44
3	49
3	49
3	2
3	2
3	3
3	3
3	4
3	4
3	7
3	7
3	6
3	6
3	22
3	22
3	12
3	12
3	13
3	13
3	50
3	50
3	14
3	14
3	47
3	47
3	17
3	17
3	38
3	38
3	30
3	30
3	18
3	18
3	20
3	20
3	19
3	19
1	1
1	1
1	44
1	44
1	49
1	49
1	2
1	2
1	3
1	3
1	4
1	4
1	7
1	7
1	6
1	6
1	22
1	22
1	12
1	12
1	13
1	13
1	50
1	50
1	14
1	14
1	47
1	47
1	17
1	17
1	38
1	38
1	30
1	30
1	18
1	18
1	20
1	20
1	19
1	19
2	1
2	1
2	44
2	44
2	49
2	49
2	2
2	2
2	3
2	3
2	4
2	4
2	7
2	7
2	6
2	6
2	22
2	22
2	12
2	12
2	13
2	13
2	50
2	50
2	14
2	14
2	47
2	47
2	17
2	17
2	38
2	38
2	30
2	30
2	18
2	18
2	20
2	20
2	19
2	19
1	1
1	1
1	44
1	44
1	49
1	49
1	2
1	2
1	3
1	3
1	4
1	4
1	7
1	7
1	6
1	6
1	22
1	22
1	12
1	12
1	13
1	13
1	50
1	50
1	14
1	14
1	47
1	47
1	17
1	17
1	38
1	38
1	30
1	30
1	18
1	18
1	20
1	20
1	19
1	19
1	51
1	51
1	52
1	52
1	53
1	53
1	54
1	54
1	55
1	55
1	56
1	56
1	32
1	32
1	15
1	15
1	28
1	28
1	57
1	57
1	20
1	20
1	1
1	1
1	58
1	58
1	59
1	59
1	60
1	60
1	61
1	61
1	62
1	62
1	63
1	63
1	64
1	64
1	5
1	5
1	65
1	65
1	18
1	18
1	66
1	66
1	67
1	67
1	68
1	68
1	16
1	16
1	69
1	69
1	70
1	70
2	51
2	51
2	52
2	52
2	53
2	53
2	54
2	54
2	55
2	55
2	56
2	56
2	32
2	32
2	15
2	15
2	28
2	28
2	57
2	57
2	20
2	20
2	1
2	1
2	58
2	58
2	59
2	59
2	60
2	60
2	61
2	61
2	62
2	62
2	63
2	63
2	64
2	64
2	5
2	5
2	65
2	65
2	18
2	18
2	66
2	66
2	67
2	67
2	68
2	68
2	16
2	16
2	69
2	69
2	70
2	70
3	51
3	51
3	52
3	52
3	53
3	53
3	54
3	54
3	55
3	55
3	56
3	56
3	32
3	32
3	15
3	15
3	28
3	28
3	57
3	57
3	20
3	20
3	1
3	1
3	58
3	58
3	59
3	59
3	60
3	60
3	61
3	61
3	62
3	62
3	63
3	63
3	64
3	64
3	5
3	5
3	65
3	65
3	18
3	18
3	66
3	66
3	67
3	67
3	68
3	68
3	16
3	16
3	69
3	69
3	70
3	70
3	51
3	51
3	52
3	52
3	53
3	53
3	54
3	54
3	55
3	55
3	56
3	56
3	32
3	32
3	15
3	15
3	28
3	28
3	57
3	57
3	20
3	20
3	1
3	1
3	58
3	58
3	59
3	59
3	60
3	60
3	61
3	61
3	62
3	62
3	63
3	63
3	64
3	64
3	5
3	5
3	65
3	65
3	18
3	18
3	66
3	66
3	67
3	67
3	68
3	68
3	16
3	16
3	69
3	69
3	70
3	70
2	51
2	51
2	52
2	52
2	53
2	53
2	54
2	54
2	55
2	55
2	56
2	56
2	32
2	32
2	15
2	15
2	28
2	28
2	57
2	57
2	20
2	20
2	1
2	1
2	58
2	58
2	59
2	59
2	60
2	60
2	61
2	61
2	62
2	62
2	63
2	63
2	64
2	64
2	5
2	5
2	65
2	65
2	18
2	18
2	66
2	66
2	67
2	67
2	68
2	68
2	16
2	16
2	69
2	69
2	70
2	70
3	51
3	51
3	52
3	52
3	53
3	53
3	54
3	54
3	55
3	55
3	56
3	56
3	32
3	32
3	15
3	15
3	28
3	28
3	57
3	57
3	20
3	20
3	1
3	1
3	58
3	58
3	59
3	59
3	60
3	60
3	61
3	61
3	62
3	62
3	63
3	63
3	64
3	64
3	5
3	5
3	65
3	65
3	18
3	18
3	66
3	66
3	67
3	67
3	68
3	68
3	16
3	16
3	69
3	69
3	70
3	70
2	51
2	51
2	52
2	52
2	53
2	53
2	54
2	54
2	55
2	55
2	56
2	56
2	32
2	32
2	15
2	15
2	28
2	28
2	57
2	57
2	20
2	20
2	1
2	1
2	58
2	58
2	59
2	59
2	60
2	60
2	61
2	61
2	62
2	62
2	63
2	63
2	64
2	64
2	5
2	5
2	65
2	65
2	18
2	18
2	66
2	66
2	67
2	67
2	68
2	68
2	16
2	16
2	69
2	69
2	70
2	70
4	51
4	51
4	52
4	52
4	53
4	53
4	54
4	54
4	55
4	55
4	56
4	56
4	32
4	32
4	15
4	15
4	28
4	28
4	57
4	57
4	20
4	20
4	1
4	1
4	58
4	58
4	59
4	59
4	60
4	60
4	61
4	61
4	62
4	62
4	63
4	63
4	64
4	64
4	5
4	5
4	65
4	65
4	18
4	18
4	66
4	66
4	67
4	67
4	68
4	68
4	16
4	16
4	69
4	69
4	70
4	70
2	51
2	51
2	52
2	52
2	53
2	53
2	54
2	54
2	55
2	55
2	56
2	56
2	32
2	32
2	15
2	15
2	28
2	28
2	57
2	57
2	20
2	20
2	1
2	1
2	58
2	58
2	59
2	59
2	60
2	60
2	61
2	61
2	62
2	62
2	63
2	63
2	64
2	64
2	5
2	5
2	65
2	65
2	18
2	18
2	66
2	66
2	67
2	67
2	68
2	68
2	16
2	16
2	69
2	69
2	70
2	70
1	71
1	71
1	20
1	20
1	52
1	52
1	56
1	56
1	51
1	51
1	8
1	8
1	55
1	55
1	60
1	60
1	53
1	53
1	72
1	72
1	73
1	73
1	28
1	28
1	74
1	74
1	75
1	75
1	5
1	5
1	62
1	62
1	65
1	65
1	69
1	69
1	66
1	66
1	64
1	64
1	63
1	63
1	59
1	59
1	27
1	27
1	57
1	57
4	71
4	71
4	20
4	20
4	52
4	52
4	56
4	56
4	51
4	51
4	8
4	8
4	55
4	55
4	60
4	60
4	53
4	53
4	72
4	72
4	73
4	73
4	28
4	28
4	74
4	74
4	75
4	75
4	5
4	5
4	62
4	62
4	65
4	65
4	69
4	69
4	66
4	66
4	64
4	64
4	63
4	63
4	59
4	59
4	27
4	27
4	57
4	57
4	71
4	71
4	20
4	20
4	52
4	52
4	56
4	56
4	51
4	51
4	8
4	8
4	55
4	55
4	60
4	60
4	53
4	53
4	72
4	72
4	73
4	73
4	28
4	28
4	74
4	74
4	75
4	75
4	5
4	5
4	62
4	62
4	65
4	65
4	69
4	69
4	66
4	66
4	64
4	64
4	63
4	63
4	59
4	59
4	27
4	27
4	57
4	57
3	71
3	71
3	20
3	20
3	52
3	52
3	56
3	56
3	51
3	51
3	8
3	8
3	55
3	55
3	60
3	60
3	53
3	53
3	72
3	72
3	73
3	73
3	28
3	28
3	74
3	74
3	75
3	75
3	5
3	5
3	62
3	62
3	65
3	65
3	69
3	69
3	66
3	66
3	64
3	64
3	63
3	63
3	59
3	59
3	27
3	27
3	57
3	57
2	71
2	71
2	20
2	20
2	52
2	52
2	56
2	56
2	51
2	51
2	8
2	8
2	55
2	55
2	60
2	60
2	53
2	53
2	72
2	72
2	73
2	73
2	28
2	28
2	74
2	74
2	75
2	75
2	5
2	5
2	62
2	62
2	65
2	65
2	69
2	69
2	66
2	66
2	64
2	64
2	63
2	63
2	59
2	59
2	27
2	27
2	57
2	57
1	71
1	71
1	20
1	20
1	52
1	52
1	56
1	56
1	51
1	51
1	8
1	8
1	55
1	55
1	60
1	60
1	53
1	53
1	72
1	72
1	73
1	73
1	28
1	28
1	74
1	74
1	75
1	75
1	5
1	5
1	62
1	62
1	65
1	65
1	69
1	69
1	66
1	66
1	64
1	64
1	63
1	63
1	59
1	59
1	27
1	27
1	57
1	57
4	71
4	71
4	20
4	20
4	52
4	52
4	56
4	56
4	51
4	51
4	8
4	8
4	55
4	55
4	60
4	60
4	53
4	53
4	72
4	72
4	73
4	73
4	28
4	28
4	74
4	74
4	75
4	75
4	5
4	5
4	62
4	62
4	65
4	65
4	69
4	69
4	66
4	66
4	64
4	64
4	63
4	63
4	59
4	59
4	27
4	27
4	57
4	57
4	71
4	71
4	20
4	20
4	52
4	52
4	56
4	56
4	51
4	51
4	8
4	8
4	55
4	55
4	60
4	60
4	53
4	53
4	72
4	72
4	73
4	73
4	28
4	28
4	74
4	74
4	75
4	75
4	5
4	5
4	62
4	62
4	65
4	65
4	69
4	69
4	66
4	66
4	64
4	64
4	63
4	63
4	59
4	59
4	27
4	27
4	57
4	57
1	71
1	71
1	20
1	20
1	52
1	52
1	56
1	56
1	51
1	51
1	8
1	8
1	55
1	55
1	60
1	60
1	53
1	53
1	72
1	72
1	73
1	73
1	28
1	28
1	74
1	74
1	75
1	75
1	5
1	5
1	62
1	62
1	65
1	65
1	69
1	69
1	66
1	66
1	64
1	64
1	63
1	63
1	59
1	59
1	27
1	27
1	57
1	57
4	7
4	7
4	57
4	57
4	53
4	53
4	51
4	51
4	56
4	56
4	76
4	76
4	27
4	27
4	55
4	55
4	69
4	69
4	62
4	62
4	77
4	77
4	78
4	78
4	79
4	79
4	60
4	60
4	20
4	20
4	63
4	63
4	64
4	64
4	65
4	65
4	80
4	80
4	5
4	5
4	66
4	66
4	1
4	1
4	81
4	81
4	82
4	82
4	70
4	70
2	7
2	7
2	57
2	57
2	53
2	53
2	51
2	51
2	56
2	56
2	76
2	76
2	27
2	27
2	55
2	55
2	69
2	69
2	62
2	62
2	77
2	77
2	78
2	78
2	79
2	79
2	60
2	60
2	20
2	20
2	63
2	63
2	64
2	64
2	65
2	65
2	80
2	80
2	5
2	5
2	66
2	66
2	1
2	1
2	81
2	81
2	82
2	82
2	70
2	70
2	7
2	7
2	57
2	57
2	53
2	53
2	51
2	51
2	56
2	56
2	76
2	76
2	27
2	27
2	55
2	55
2	69
2	69
2	62
2	62
2	77
2	77
2	78
2	78
2	79
2	79
2	60
2	60
2	20
2	20
2	63
2	63
2	64
2	64
2	65
2	65
2	80
2	80
2	5
2	5
2	66
2	66
2	1
2	1
2	81
2	81
2	82
2	82
2	70
2	70
1	7
1	7
1	57
1	57
1	53
1	53
1	51
1	51
1	56
1	56
1	76
1	76
1	27
1	27
1	55
1	55
1	69
1	69
1	62
1	62
1	77
1	77
1	78
1	78
1	79
1	79
1	60
1	60
1	20
1	20
1	63
1	63
1	64
1	64
1	65
1	65
1	80
1	80
1	5
1	5
1	66
1	66
1	1
1	1
1	81
1	81
1	82
1	82
1	70
1	70
2	7
2	7
2	57
2	57
2	53
2	53
2	51
2	51
2	56
2	56
2	76
2	76
2	27
2	27
2	55
2	55
2	69
2	69
2	62
2	62
2	77
2	77
2	78
2	78
2	79
2	79
2	60
2	60
2	20
2	20
2	63
2	63
2	64
2	64
2	65
2	65
2	80
2	80
2	5
2	5
2	66
2	66
2	1
2	1
2	81
2	81
2	82
2	82
2	70
2	70
1	7
1	7
1	57
1	57
1	53
1	53
1	51
1	51
1	56
1	56
1	76
1	76
1	27
1	27
1	55
1	55
1	69
1	69
1	62
1	62
1	77
1	77
1	78
1	78
1	79
1	79
1	60
1	60
1	20
1	20
1	63
1	63
1	64
1	64
1	65
1	65
1	80
1	80
1	5
1	5
1	66
1	66
1	1
1	1
1	81
1	81
1	82
1	82
1	70
1	70
3	7
3	7
3	57
3	57
3	53
3	53
3	51
3	51
3	56
3	56
3	76
3	76
3	27
3	27
3	55
3	55
3	69
3	69
3	62
3	62
3	77
3	77
3	78
3	78
3	79
3	79
3	60
3	60
3	20
3	20
3	63
3	63
3	64
3	64
3	65
3	65
3	80
3	80
3	5
3	5
3	66
3	66
3	1
3	1
3	81
3	81
3	82
3	82
3	70
3	70
1	7
1	7
1	57
1	57
1	53
1	53
1	51
1	51
1	56
1	56
1	76
1	76
1	27
1	27
1	55
1	55
1	69
1	69
1	62
1	62
1	77
1	77
1	78
1	78
1	79
1	79
1	60
1	60
1	20
1	20
1	63
1	63
1	64
1	64
1	65
1	65
1	80
1	80
1	5
1	5
1	66
1	66
1	1
1	1
1	81
1	81
1	82
1	82
1	70
1	70
3	7
3	7
3	57
3	57
3	53
3	53
3	51
3	51
3	56
3	56
3	76
3	76
3	27
3	27
3	55
3	55
3	69
3	69
3	62
3	62
3	77
3	77
3	78
3	78
3	79
3	79
3	60
3	60
3	20
3	20
3	63
3	63
3	64
3	64
3	65
3	65
3	80
3	80
3	5
3	5
3	66
3	66
3	1
3	1
3	81
3	81
3	82
3	82
3	70
3	70
1	55
1	55
1	56
1	56
1	7
1	7
1	60
1	60
1	83
1	83
1	66
1	66
1	20
1	20
1	5
1	5
1	51
1	51
1	84
1	84
1	28
1	28
1	1
1	1
1	53
1	53
1	62
1	62
1	72
1	72
1	77
1	77
1	59
1	59
1	85
1	85
1	16
1	16
1	15
1	15
3	55
3	55
3	56
3	56
3	7
3	7
3	60
3	60
3	83
3	83
3	66
3	66
3	20
3	20
3	5
3	5
3	51
3	51
3	84
3	84
3	28
3	28
3	1
3	1
3	53
3	53
3	62
3	62
3	72
3	72
3	77
3	77
3	59
3	59
3	85
3	85
3	16
3	16
3	15
3	15
1	55
1	55
1	56
1	56
1	7
1	7
1	60
1	60
1	83
1	83
1	66
1	66
1	20
1	20
1	5
1	5
1	51
1	51
1	84
1	84
1	28
1	28
1	1
1	1
1	53
1	53
1	62
1	62
1	72
1	72
1	77
1	77
1	59
1	59
1	85
1	85
1	16
1	16
1	15
1	15
3	55
3	55
3	56
3	56
3	7
3	7
3	60
3	60
3	83
3	83
3	66
3	66
3	20
3	20
3	5
3	5
3	51
3	51
3	84
3	84
3	28
3	28
3	1
3	1
3	53
3	53
3	62
3	62
3	72
3	72
3	77
3	77
3	59
3	59
3	85
3	85
3	16
3	16
3	15
3	15
4	55
4	55
4	56
4	56
4	7
4	7
4	60
4	60
4	83
4	83
4	66
4	66
4	20
4	20
4	5
4	5
4	51
4	51
4	84
4	84
4	28
4	28
4	1
4	1
4	53
4	53
4	62
4	62
4	72
4	72
4	77
4	77
4	59
4	59
4	85
4	85
4	16
4	16
4	15
4	15
4	55
4	55
4	56
4	56
4	7
4	7
4	60
4	60
4	83
4	83
4	66
4	66
4	20
4	20
4	5
4	5
4	51
4	51
4	84
4	84
4	28
4	28
4	1
4	1
4	53
4	53
4	62
4	62
4	72
4	72
4	77
4	77
4	59
4	59
4	85
4	85
4	16
4	16
4	15
4	15
2	55
2	55
2	56
2	56
2	7
2	7
2	60
2	60
2	83
2	83
2	66
2	66
2	20
2	20
2	5
2	5
2	51
2	51
2	84
2	84
2	28
2	28
2	1
2	1
2	53
2	53
2	62
2	62
2	72
2	72
2	77
2	77
2	59
2	59
2	85
2	85
2	16
2	16
2	15
2	15
3	55
3	55
3	56
3	56
3	7
3	7
3	60
3	60
3	83
3	83
3	66
3	66
3	20
3	20
3	5
3	5
3	51
3	51
3	84
3	84
3	28
3	28
3	1
3	1
3	53
3	53
3	62
3	62
3	72
3	72
3	77
3	77
3	59
3	59
3	85
3	85
3	16
3	16
3	15
3	15
1	55
1	55
1	56
1	56
1	7
1	7
1	60
1	60
1	83
1	83
1	66
1	66
1	20
1	20
1	5
1	5
1	51
1	51
1	84
1	84
1	28
1	28
1	1
1	1
1	53
1	53
1	62
1	62
1	72
1	72
1	77
1	77
1	59
1	59
1	85
1	85
1	16
1	16
1	15
1	15
2	86
2	86
2	55
2	55
2	56
2	56
2	87
2	87
2	88
2	88
2	62
2	62
2	60
2	60
2	69
2	69
2	20
2	20
2	51
2	51
2	1
2	1
2	53
2	53
2	57
2	57
2	27
2	27
2	89
2	89
2	67
2	67
2	90
2	90
2	64
2	64
2	80
2	80
2	65
2	65
2	66
2	66
2	3
2	3
2	59
2	59
2	63
2	63
2	91
2	91
2	10
2	10
2	92
2	92
4	86
4	86
4	55
4	55
4	56
4	56
4	87
4	87
4	88
4	88
4	62
4	62
4	60
4	60
4	69
4	69
4	20
4	20
4	51
4	51
4	1
4	1
4	53
4	53
4	57
4	57
4	27
4	27
4	89
4	89
4	67
4	67
4	90
4	90
4	64
4	64
4	80
4	80
4	65
4	65
4	66
4	66
4	3
4	3
4	59
4	59
4	63
4	63
4	10
4	10
4	92
4	92
3	86
3	86
3	55
3	55
3	56
3	56
3	87
3	87
3	88
3	88
3	62
3	62
3	60
3	60
3	69
3	69
3	20
3	20
3	51
3	51
3	1
3	1
3	53
3	53
3	57
3	57
3	27
3	27
3	89
3	89
3	67
3	67
3	90
3	90
3	64
3	64
3	80
3	80
3	65
3	65
3	66
3	66
3	3
3	3
3	59
3	59
3	63
3	63
3	91
3	91
3	10
3	10
3	92
3	92
2	86
2	86
2	55
2	55
2	56
2	56
2	87
2	87
2	88
2	88
2	62
2	62
2	60
2	60
2	69
2	69
2	20
2	20
2	51
2	51
2	1
2	1
2	53
2	53
2	57
2	57
2	27
2	27
2	89
2	89
2	67
2	67
2	90
2	90
2	64
2	64
2	80
2	80
2	65
2	65
2	66
2	66
2	3
2	3
2	59
2	59
2	63
2	63
2	91
2	91
2	10
2	10
2	92
2	92
2	86
2	86
2	55
2	55
2	56
2	56
2	87
2	87
2	88
2	88
2	62
2	62
2	60
2	60
2	69
2	69
2	20
2	20
2	51
2	51
2	1
2	1
2	53
2	53
2	57
2	57
2	27
2	27
2	89
2	89
2	67
2	67
2	90
2	90
2	64
2	64
2	80
2	80
2	65
2	65
2	66
2	66
2	3
2	3
2	59
2	59
2	63
2	63
2	91
2	91
2	10
2	10
2	92
2	92
4	86
4	86
4	55
4	55
4	56
4	56
4	87
4	87
4	88
4	88
4	62
4	62
4	60
4	60
4	69
4	69
4	20
4	20
4	51
4	51
4	1
4	1
4	53
4	53
4	57
4	57
4	27
4	27
4	89
4	89
4	67
4	67
4	90
4	90
4	64
4	64
4	80
4	80
4	65
4	65
4	66
4	66
4	3
4	3
4	59
4	59
4	63
4	63
4	91
4	91
4	10
4	10
4	92
4	92
1	86
1	86
1	55
1	55
1	56
1	56
1	87
1	87
1	88
1	88
1	62
1	62
1	60
1	60
1	69
1	69
1	20
1	20
1	51
1	51
1	1
1	1
1	53
1	53
1	57
1	57
1	27
1	27
1	89
1	89
1	67
1	67
1	90
1	90
1	64
1	64
1	80
1	80
1	65
1	65
1	66
1	66
1	3
1	3
1	59
1	59
1	63
1	63
1	91
1	91
1	10
1	10
1	92
1	92
1	86
1	86
1	55
1	55
1	56
1	56
1	87
1	87
1	88
1	88
1	62
1	62
1	60
1	60
1	69
1	69
1	20
1	20
1	51
1	51
1	1
1	1
1	53
1	53
1	57
1	57
1	27
1	27
1	89
1	89
1	67
1	67
1	90
1	90
1	64
1	64
1	80
1	80
1	65
1	65
1	66
1	66
1	3
1	3
1	59
1	59
1	63
1	63
1	91
1	91
1	10
1	10
1	92
1	92
1	86
1	86
1	55
1	55
1	56
1	56
1	87
1	87
1	88
1	88
1	62
1	62
1	60
1	60
1	69
1	69
1	20
1	20
1	51
1	51
1	1
1	1
1	53
1	53
1	57
1	57
1	27
1	27
1	89
1	89
1	67
1	67
1	90
1	90
1	64
1	64
1	80
1	80
1	65
1	65
1	66
1	66
1	3
1	3
1	59
1	59
1	63
1	63
1	91
1	91
1	10
1	10
1	92
1	92
4	56
4	56
4	20
4	20
4	51
4	51
4	93
4	93
4	62
4	62
4	5
4	5
4	66
4	66
4	94
4	94
4	8
4	8
4	53
4	53
4	59
4	59
4	55
4	55
4	70
4	70
4	60
4	60
4	64
4	64
4	28
4	28
4	57
4	57
4	1
4	1
4	27
4	27
4	18
4	18
4	16
4	16
4	32
4	32
4	3
4	3
4	95
4	95
1	56
1	56
1	20
1	20
1	51
1	51
1	93
1	93
1	62
1	62
1	5
1	5
1	66
1	66
1	94
1	94
1	8
1	8
1	53
1	53
1	59
1	59
1	55
1	55
1	70
1	70
1	60
1	60
1	64
1	64
1	28
1	28
1	57
1	57
1	1
1	1
1	27
1	27
1	18
1	18
1	16
1	16
1	32
1	32
1	3
1	3
1	95
1	95
3	56
3	56
3	20
3	20
3	51
3	51
3	93
3	93
3	62
3	62
3	5
3	5
3	66
3	66
3	94
3	94
3	8
3	8
3	53
3	53
3	59
3	59
3	55
3	55
3	70
3	70
3	60
3	60
3	64
3	64
3	28
3	28
3	57
3	57
3	1
3	1
3	27
3	27
3	18
3	18
3	16
3	16
3	32
3	32
3	3
3	3
3	95
3	95
4	56
4	56
4	20
4	20
4	51
4	51
4	93
4	93
4	62
4	62
4	5
4	5
4	66
4	66
4	94
4	94
4	8
4	8
4	53
4	53
4	59
4	59
4	55
4	55
4	70
4	70
4	60
4	60
4	64
4	64
4	28
4	28
4	57
4	57
4	1
4	1
4	27
4	27
4	18
4	18
4	16
4	16
4	32
4	32
4	3
4	3
4	95
4	95
4	56
4	56
4	20
4	20
4	51
4	51
4	93
4	93
4	62
4	62
4	5
4	5
4	66
4	66
4	94
4	94
4	8
4	8
4	53
4	53
4	59
4	59
4	55
4	55
4	70
4	70
4	60
4	60
4	64
4	64
4	28
4	28
4	57
4	57
4	1
4	1
4	27
4	27
4	18
4	18
4	16
4	16
4	32
4	32
4	3
4	3
4	95
4	95
4	56
4	56
4	20
4	20
4	51
4	51
4	93
4	93
4	62
4	62
4	5
4	5
4	66
4	66
4	94
4	94
4	8
4	8
4	53
4	53
4	59
4	59
4	55
4	55
4	70
4	70
4	60
4	60
4	64
4	64
4	28
4	28
4	57
4	57
4	1
4	1
4	27
4	27
4	18
4	18
4	16
4	16
4	32
4	32
4	3
4	3
4	95
4	95
1	56
1	56
1	20
1	20
1	51
1	51
1	93
1	93
1	62
1	62
1	5
1	5
1	66
1	66
1	94
1	94
1	8
1	8
1	53
1	53
1	59
1	59
1	55
1	55
1	70
1	70
1	60
1	60
1	64
1	64
1	28
1	28
1	57
1	57
1	1
1	1
1	27
1	27
1	18
1	18
1	16
1	16
1	32
1	32
1	3
1	3
1	95
1	95
3	56
3	56
3	20
3	20
3	51
3	51
3	93
3	93
3	62
3	62
3	5
3	5
3	66
3	66
3	94
3	94
3	8
3	8
3	53
3	53
3	59
3	59
3	55
3	55
3	70
3	70
3	60
3	60
3	64
3	64
3	28
3	28
3	57
3	57
3	1
3	1
3	27
3	27
3	18
3	18
3	16
3	16
3	32
3	32
3	3
3	3
3	95
3	95
4	56
4	56
4	20
4	20
4	51
4	51
4	93
4	93
4	62
4	62
4	5
4	5
4	66
4	66
4	94
4	94
4	8
4	8
4	53
4	53
4	59
4	59
4	55
4	55
4	70
4	70
4	60
4	60
4	64
4	64
4	28
4	28
4	57
4	57
4	1
4	1
4	27
4	27
4	18
4	18
4	16
4	16
4	32
4	32
4	3
4	3
4	95
4	95
4	51
4	51
4	15
4	15
4	90
4	90
4	56
4	56
4	28
4	28
4	89
4	89
4	65
4	65
4	5
4	5
4	62
4	62
4	55
4	55
4	20
4	20
4	64
4	64
4	96
4	96
4	66
4	66
4	53
4	53
4	82
4	82
4	97
4	97
4	98
4	98
4	57
4	57
4	60
4	60
4	59
4	59
4	99
4	99
4	18
4	18
2	51
2	51
2	15
2	15
2	90
2	90
2	56
2	56
2	28
2	28
2	89
2	89
2	65
2	65
2	5
2	5
2	62
2	62
2	55
2	55
2	20
2	20
2	64
2	64
2	96
2	96
2	66
2	66
2	53
2	53
2	82
2	82
2	97
2	97
2	98
2	98
2	57
2	57
2	60
2	60
2	59
2	59
2	99
2	99
2	18
2	18
4	51
4	51
4	15
4	15
4	90
4	90
4	56
4	56
4	28
4	28
4	89
4	89
4	65
4	65
4	5
4	5
4	62
4	62
4	55
4	55
4	20
4	20
4	64
4	64
4	96
4	96
4	66
4	66
4	53
4	53
4	82
4	82
4	97
4	97
4	98
4	98
4	57
4	57
4	60
4	60
4	59
4	59
4	99
4	99
4	18
4	18
2	51
2	51
2	15
2	15
2	90
2	90
2	56
2	56
2	28
2	28
2	89
2	89
2	65
2	65
2	5
2	5
2	62
2	62
2	55
2	55
2	20
2	20
2	64
2	64
2	96
2	96
2	66
2	66
2	53
2	53
2	82
2	82
2	97
2	97
2	98
2	98
2	57
2	57
2	60
2	60
2	59
2	59
2	99
2	99
2	18
2	18
3	51
3	51
3	15
3	15
3	90
3	90
3	56
3	56
3	28
3	28
3	89
3	89
3	65
3	65
3	5
3	5
3	62
3	62
3	55
3	55
3	20
3	20
3	64
3	64
3	96
3	96
3	66
3	66
3	53
3	53
3	82
3	82
3	97
3	97
3	98
3	98
3	57
3	57
3	60
3	60
3	59
3	59
3	99
3	99
3	18
3	18
1	51
1	51
1	15
1	15
1	90
1	90
1	56
1	56
1	28
1	28
1	89
1	89
1	65
1	65
1	5
1	5
1	62
1	62
1	55
1	55
1	20
1	20
1	64
1	64
1	96
1	96
1	66
1	66
1	53
1	53
1	82
1	82
1	97
1	97
1	98
1	98
1	57
1	57
1	60
1	60
1	59
1	59
1	99
1	99
1	18
1	18
3	51
3	51
3	15
3	15
3	90
3	90
3	56
3	56
3	28
3	28
3	89
3	89
3	65
3	65
3	5
3	5
3	62
3	62
3	55
3	55
3	20
3	20
3	64
3	64
3	96
3	96
3	66
3	66
3	53
3	53
3	82
3	82
3	97
3	97
3	98
3	98
3	57
3	57
3	60
3	60
3	59
3	59
3	99
3	99
3	18
3	18
2	51
2	51
2	15
2	15
2	90
2	90
2	56
2	56
2	28
2	28
2	89
2	89
2	65
2	65
2	5
2	5
2	62
2	62
2	55
2	55
2	20
2	20
2	64
2	64
2	96
2	96
2	66
2	66
2	53
2	53
2	82
2	82
2	97
2	97
2	98
2	98
2	57
2	57
2	60
2	60
2	59
2	59
2	99
2	99
2	18
2	18
3	51
3	51
3	15
3	15
3	90
3	90
3	56
3	56
3	28
3	28
3	89
3	89
3	65
3	65
3	5
3	5
3	62
3	62
3	55
3	55
3	20
3	20
3	64
3	64
3	96
3	96
3	66
3	66
3	53
3	53
3	82
3	82
3	97
3	97
3	98
3	98
3	57
3	57
3	60
3	60
3	59
3	59
3	99
3	99
3	18
3	18
1	56
1	56
1	100
1	100
1	7
1	7
1	69
1	69
1	20
1	20
1	27
1	27
1	51
1	51
1	62
1	62
1	15
1	15
1	60
1	60
1	66
1	66
1	16
1	16
1	89
1	89
1	55
1	55
1	101
1	101
1	102
1	102
1	57
1	57
1	59
1	59
1	72
1	72
1	94
1	94
1	53
1	53
1	25
1	25
1	28
1	28
1	56
1	56
1	100
1	100
1	7
1	7
1	69
1	69
1	20
1	20
1	27
1	27
1	51
1	51
1	62
1	62
1	15
1	15
1	60
1	60
1	66
1	66
1	16
1	16
1	89
1	89
1	55
1	55
1	101
1	101
1	102
1	102
1	57
1	57
1	59
1	59
1	72
1	72
1	94
1	94
1	53
1	53
1	25
1	25
1	28
1	28
1	56
1	56
1	100
1	100
1	7
1	7
1	69
1	69
1	20
1	20
1	27
1	27
1	51
1	51
1	62
1	62
1	15
1	15
1	60
1	60
1	66
1	66
1	16
1	16
1	89
1	89
1	55
1	55
1	101
1	101
1	102
1	102
1	57
1	57
1	59
1	59
1	72
1	72
1	94
1	94
1	53
1	53
1	25
1	25
1	28
1	28
1	56
1	56
1	100
1	100
1	7
1	7
1	69
1	69
1	20
1	20
1	27
1	27
1	51
1	51
1	62
1	62
1	15
1	15
1	60
1	60
1	66
1	66
1	16
1	16
1	89
1	89
1	55
1	55
1	101
1	101
1	102
1	102
1	57
1	57
1	59
1	59
1	72
1	72
1	94
1	94
1	53
1	53
1	25
1	25
1	28
1	28
3	56
3	56
3	100
3	100
3	7
3	7
3	69
3	69
3	20
3	20
3	27
3	27
3	51
3	51
3	62
3	62
3	15
3	15
3	60
3	60
3	66
3	66
3	16
3	16
3	89
3	89
3	55
3	55
3	101
3	101
3	102
3	102
3	57
3	57
3	59
3	59
3	72
3	72
3	94
3	94
3	53
3	53
3	25
3	25
3	28
3	28
3	56
3	56
3	100
3	100
3	7
3	7
3	69
3	69
3	20
3	20
3	27
3	27
3	51
3	51
3	62
3	62
3	15
3	15
3	60
3	60
3	66
3	66
3	16
3	16
3	89
3	89
3	55
3	55
3	101
3	101
3	102
3	102
3	57
3	57
3	59
3	59
3	72
3	72
3	94
3	94
3	53
3	53
3	25
3	25
3	28
3	28
1	56
1	56
1	100
1	100
1	7
1	7
1	69
1	69
1	20
1	20
1	27
1	27
1	51
1	51
1	62
1	62
1	15
1	15
1	60
1	60
1	66
1	66
1	16
1	16
1	89
1	89
1	55
1	55
1	101
1	101
1	102
1	102
1	57
1	57
1	59
1	59
1	72
1	72
1	94
1	94
1	53
1	53
1	25
1	25
1	28
1	28
2	56
2	56
2	100
2	100
2	7
2	7
2	69
2	69
2	20
2	20
2	27
2	27
2	51
2	51
2	62
2	62
2	15
2	15
2	60
2	60
2	66
2	66
2	16
2	16
2	89
2	89
2	55
2	55
2	101
2	101
2	102
2	102
2	57
2	57
2	59
2	59
2	72
2	72
2	94
2	94
2	53
2	53
2	25
2	25
2	28
2	28
1	56
1	56
1	100
1	100
1	7
1	7
1	69
1	69
1	20
1	20
1	27
1	27
1	51
1	51
1	62
1	62
1	15
1	15
1	60
1	60
1	66
1	66
1	16
1	16
1	89
1	89
1	55
1	55
1	101
1	101
1	102
1	102
1	57
1	57
1	59
1	59
1	72
1	72
1	94
1	94
1	53
1	53
1	25
1	25
1	28
1	28
\.


--
-- Name: song_id_seq; Type: SEQUENCE SET; Schema: public; Owner: wangsix
--

SELECT pg_catalog.setval('song_id_seq', 4, true);


--
-- Name: annotation annotation_pkey; Type: CONSTRAINT; Schema: public; Owner: wangsix
--

ALTER TABLE ONLY annotation
    ADD CONSTRAINT annotation_pkey PRIMARY KEY (id);


--
-- Name: annotator annotator_crowd_worker_id_key; Type: CONSTRAINT; Schema: public; Owner: wangsix
--

ALTER TABLE ONLY annotator
    ADD CONSTRAINT annotator_crowd_worker_id_key UNIQUE (crowd_worker_id);


--
-- Name: annotator annotator_pkey; Type: CONSTRAINT; Schema: public; Owner: wangsix
--

ALTER TABLE ONLY annotator
    ADD CONSTRAINT annotator_pkey PRIMARY KEY (id);


--
-- Name: song song_pkey; Type: CONSTRAINT; Schema: public; Owner: wangsix
--

ALTER TABLE ONLY song
    ADD CONSTRAINT song_pkey PRIMARY KEY (id);


--
-- Name: annotation annotation_annotator_id_fkey; Type: FK CONSTRAINT; Schema: public; Owner: wangsix
--

ALTER TABLE ONLY annotation
    ADD CONSTRAINT annotation_annotator_id_fkey FOREIGN KEY (annotator_id) REFERENCES annotator(id);


--
-- Name: annotation annotation_song_id_fkey; Type: FK CONSTRAINT; Schema: public; Owner: wangsix
--

ALTER TABLE ONLY annotation
    ADD CONSTRAINT annotation_song_id_fkey FOREIGN KEY (song_id) REFERENCES song(id);


--
-- Name: song_annotator song_annotator_annotator_id_fkey; Type: FK CONSTRAINT; Schema: public; Owner: wangsix
--

ALTER TABLE ONLY song_annotator
    ADD CONSTRAINT song_annotator_annotator_id_fkey FOREIGN KEY (annotator_id) REFERENCES annotator(id);


--
-- Name: song_annotator song_annotator_song_id_fkey; Type: FK CONSTRAINT; Schema: public; Owner: wangsix
--

ALTER TABLE ONLY song_annotator
    ADD CONSTRAINT song_annotator_song_id_fkey FOREIGN KEY (song_id) REFERENCES song(id);


--
-- Name: public; Type: ACL; Schema: -; Owner: postgres
--

REVOKE ALL ON SCHEMA public FROM PUBLIC;
REVOKE ALL ON SCHEMA public FROM postgres;
GRANT ALL ON SCHEMA public TO postgres;
GRANT ALL ON SCHEMA public TO PUBLIC;


--
-- PostgreSQL database dump complete
--

